CardSort_Unadj,Flanker_Unadj,ProcSpeed_Unadj,WM_Task_2bk_Acc,ListSort_Unadj,PicSeq_Unadj,PMAT24_A_CR,PMAT24_A_SI,PMAT24_A_RTCR,AngAffect_Unadj,FearAffect_Unadj,Sadness_Unadj,Relational_Task_Match_Median_RT,Relational_Task_Rel_Median_RT,PicVocab_Unadj,ReadEng_Unadj,Language_Task_Story_Avg_Difficulty_Level,VSPLOT_CRTE,IWRD_RTC,SCPT_TPRT,Endurance_Unadj
119.14,130.42,138.72,83.507,112.89,125.07,20,0,18574.5,54.8,63.3,55,1430,1745.75,119.8914,113.546,9.071,1247.5758,1475,520,123.31
123.75,112.56,122.65,77.083,108.06,110.61,17,2,11839,46.9,53.9,53.4,1385.5,2145,107.2,111.07,9.607,834.3,1442,412,114.05
111.14,121.18,107.08,92.708,108.06,125.71,7,12,3042,50.6,55.1,49.9,1347,2311.5,134.24,131.81,10.482,900.2857,1450.75,468,121
129.84,126.53,111.11,96.181,117.39,109.04,23,0,12280,47.5,49.6,44.2,1477,1918.5,140.8151,141.3166,12.446,608.0952,1240,465,107.24
105.19,101.85,90.59,58.681,93.9,84.68,11,8,6569,59,49.3,48.7,1276.5,1732.25,95.42348,113.5374,11.393,1129.7084,1579.5,440,81.58
99.76,113.67,105.28,92.535,117.39,102.89,15,4,12558,38.3,43.3,38.5,1501.5,1316.5,123.3551,106.9173,9.375,928.9026,1248,471,91.04
102.83,111.75,91.68,72.396,121.89,118.8,20,0,22781.5,39.1,44.9,51,1791,2932.25,116.52,110.8,6.304,1520.091,1530.25,545,108.87
102.84,86.31,60.09,86.111,112.89,116.13,18,1,26980,51.8,49.3,49.9,1328,2156,121.2287,124.8705,10.75,1085.8572,1337.5,515,108.66
107.69,103.86,97.15,89.931,126.18,110.7,21,0,16468,50.1,49.6,45.8,1379.5,1940.5,123.1029,118.7641,11.518,1040,1600,460,107.03
101.41,95.94,100.29,85.069,130.38,103.28,15,4,7730,44.8,52,44.7,1569.5,2665.25,124.138,127.1703,12.286,940.625,2020,480,112.07
107.52,102.76,110.41,83.681,112.89,92.36,17,2,7301,44.2,49,41.7,1389.25,1969.5,108.83,111.35,10.607,1280.8,1388.75,530.5,108.1
107.93,101.75,107,78.472,117.39,101.01,16,3,12518.5,49.8,52.9,49.9,1478.75,2717.75,130.89,120.49,10.107,2770.1428,1459,488,100.99
119.59,115.12,134.82,93.75,108.06,135.55,23,0,12040,48.4,51.2,43.9,1310.5,1866.75,124.514,128.4841,11.661,960,2027.5,490,113.29
101.87,97.68,90.22,87.5,112.89,125.71,21,0,33614,42.8,51.4,41.9,1207,1804.5,115.13,130.17,11.929,1460.125,2065,460,103.15
109.62,106.14,103.91,90.972,126.18,110.7,22,0,20070,51.8,51.2,55,1812.5,1994,121.81,119.17,11.786,1215.4135,1610.5,499.5,112.05
143.94,115.04,121.22,97.569,121.89,125.07,22,0,11795,46.2,44.3,41.7,1419,2242,120.2309,125.504,10.607,913.2727,1550,430,119.49
109.81,112.7,76.8,93.576,117.39,115.73,22,0,34943.5,41.9,49.6,39.1,1946.75,2691,114.8966,129.6218,9.179,2431.0269,1607.5,480,107.64
111.97,113.61,116.45,91.319,108.06,111.46,22,0,27052.5,46,49.6,48.1,1772.5,2299,115.38,117.37,10.964,1410.3889,1570.75,480,110.37
128.03,113.89,94.79,88.715,104.06,135.55,24,0,30114.5,57,61.5,63.4,1665.25,2283,126.34,131.75,9.839,1303.7142,1696.25,512.5,130.75
124.39,113.07,145.54,93.75,133.93,112.39,23,0,27636,32,47.2,45.7,1764.5,2099.5,125.0447,135.9465,11.929,2349.8572,2102.5,450,107.42
114.82,111.44,121.22,93.576,130.38,135.55,22,0,12856,47.7,42.6,49.4,1324,1748.5,123.0852,119.5151,11.536,605.07935,1162.5,410,131.88
103.3,101.57,115.83,81.076,108.06,104.47,10,9,3890,48,46.7,41.7,1445,2104,121.8928,120.6881,11.25,804.2857,1297.5,470,92.16
115.07,126.63,127.84,95.139,130.38,135.55,23,0,23690,47.7,49.6,43.6,1205.5,2265.75,128.4,123.78,12.161,1630.2858,1347.5,440,105.37
114.79,126.11,128.25,98.785,137.98,111.46,24,0,25985,45.1,51.2,39.6,1351.5,2172.5,133.0329,134.8629,12.143,950,1620,500,122.41
122.44,116.83,113.4,96.181,117.39,108.93,21,0,13475,46.5,49,45,1458.5,2043.5,115.7674,110.5715,12,959.0625,1548,478,102.42
109.98,118.42,113.4,96.181,144.5,135.55,22,0,18938.5,48.2,53.9,46.1,1164.5,1871.75,127.3699,124.2336,10.875,1126.1488,1235,410,116.29
119.66,121.42,119.54,92.535,108.06,135.55,13,6,3750,47.1,46,45.6,1576.75,2728.25,111.61,115.11,11.732,800.86365,2015,480,103.35
93.21,96.17,86.59,68.403,100.43,103.28,18,1,14840,46.1,45.3,48.1,1845,2008.5,106.37,103.24,7.911,1061.5278,1827.5,530,92.97
102.62,105.22,113.22,72.569,100.43,86.16,20,0,28106,64.7,70.4,65.8,1442.5,1965.25,118.8,119.15,9.821,1104.7222,1618.5,450,110.45
125.37,118.25,122.73,91.146,121.89,104.53,16,3,13610,44.2,49,34.2,1245.5,1900.5,126.18,125.44,11.232,1000.5446,1396.25,421,137.52
110.78,94.58,89.64,78.646,130.38,109.47,17,2,14389,33.6,42.6,34.2,1232,1362.75,121.337,121.6983,9.732,1266.125,1574.75,470,115.8
124.54,127.2,86.86,84.896,112.89,110.7,20,0,18051,57.3,55.7,49.9,1475.5,2448,153.0889,118.366,12.429,1260.1,1204.75,420,100.97
117.23,113.67,118.64,82.465,108.06,125.71,17,2,14810,32,52.9,34.2,2075,2304.5,107.67,96.09,9.339,867.2946,1824.5,453,96.43
136.1,128.39,114.75,81.25,104.06,100.97,13,6,7141,56.8,57.7,60.5,1607,2538.25,109.41,119.01,9.286,817,1775,495,98.91
117.26,119.81,121.23,97.396,108.06,108.29,17,2,5802,44.2,41.2,34.2,1447,2097.5,146.9198,123.8282,12.018,778.5455,1368.75,408,102.54
103.46,109.37,113.4,81.25,104.06,118.7,21,0,17190,28.6,46,34.2,1209.5,2069.5,123.1805,120.0745,10.232,911,1490,410,120.19
112.42,115.73,110.12,78.299,108.06,101.78,18,1,26505,49.8,58,49.9,1735.75,2363.5,121.6903,113.6531,8.232,1075.2417,2040,570,115.63
100.45,116.96,111.11,70.66,100.43,109.4,11,8,6360,52.2,56,43.4,1905.25,2515.25,118.6195,103.4653,9.321,920,1452.5,530,111.08
111.59,104.78,104.06,91.146,130.38,125.71,17,2,20560,47.5,41.5,51.3,1219.5,2414,123.8164,116.5932,12.446,911.1111,1520,460,105.02
121.37,142.11,128.55,90.972,130.38,109.04,17,2,9858,63.9,58.3,53.5,1165.5,2050.25,120.31,128.18,11.333,790.9318,1232,500,133.42
104.6,92.15,112.27,88.715,117.39,125.71,20,0,14194.5,40.1,45.7,49.9,1420.25,2242.5,104.8695,128.293,11.036,1449.5673,1495,430,115.43
109.35,105.31,111.93,88.542,112.89,105.09,15,4,11902,52.1,54.2,48.2,1413,1536.5,128.7,121.12,10.321,1376.5,1977.25,444,109.63
122.39,109.58,118.78,90.104,133.93,135.55,15,4,11091,50.9,46,45.8,1605.25,2357,111.37,106.78,10.679,960,1978,520,89.53
119.5,111.98,124.27,92.535,112.89,135.55,21,0,17030,35.6,32.9,34.2,1422,2127.25,116.0618,140.1555,11.714,1558.75,1805,500,101.01
107.97,102.27,121.22,63.021,117.39,122.66,13,6,5460,55.1,49,34.2,937,906.5,118.1519,117.8108,12.446,1006.36365,1425,440,113.29
110.9,117.4,111.11,89.757,104.06,93.97,15,4,13610,46.5,41.5,43.6,1457.5,2104.25,113.4061,119.2225,11.5,719.0909,1460,490,113.29
112.93,111.75,135.98,96.181,126.18,135.55,22,0,27420,47.1,50.2,45.7,1433.5,2198.75,123.072,141.0733,9.554,1966.1538,1510,460,124.92
128.04,123.46,144.47,61.806,93.9,100.18,10,9,5570,50,61.5,39.8,2036.5,1663.25,101.4302,102.2321,8.768,846.8125,1584.75,455,107.01
95.79,112.21,89.64,77.778,104.06,104.34,9,10,7340,45,46,51.2,2003.25,2397.5,92.84103,96.06393,10.804,980,1345,430,92.96
129.19,117.4,119.98,91.146,126.18,135.55,19,0,17030,41.5,48.7,43.6,1387.5,2026.75,113.7863,131.9735,12.161,1236.25,1500,540,138.04
119.18,103.76,122.72,87.326,126.18,107.69,23,0,23229,51.3,52.9,45.6,1226.5,2045.75,130.0459,122.475,10.464,1595.9176,1687,390,111.95
119.93,111.15,117.47,87.5,117.39,135.55,24,0,27219.5,47.5,35.9,42.3,1706.5,2417.25,118.64,122.45,8.321,829.38464,1579.5,499,101.59
99.85,105.22,105.27,79.34,96.99,84.68,12,7,4648.5,28.6,52.9,34.2,1412,2399.5,105.88,106.46,8.339,1358.2847,1711.5,468,98.91
101.68,94.38,104.06,82.292,108.06,109.02,13,6,10480,43.8,41.5,38.5,1408,1159.5,124.5602,124.5595,9.125,1073.9286,1502.5,470,92.16
123.11,108.46,99.14,79.861,91.07,105.63,16,3,12745,28.6,43.3,34.2,1126.5,1232.25,107.6174,103.085,8.321,1452.8572,1370,450,106.3
112.58,115.38,99.14,88.542,130.38,135.55,23,0,20480,39.7,43.3,34.2,1293,1887.5,124.5263,124.4669,12.571,1443.0555,1802.5,570,123.36
133.28,114.23,116.04,93.75,104.06,108.04,8,11,2580,61.5,55.5,50.8,1440.5,1505.5,118.67,108.8,8.393,1112.8392,1380,390,111.15
129.85,118.28,119.98,86.111,112.89,99.41,17,2,11560,52.3,73.4,69.5,1177,1988.75,135.6653,128.9936,11.643,1099.8572,1260,370,134.41
113.06,95.64,106.57,98.785,144.5,107.69,20,0,22365,45.6,36.5,34.2,1736,2026.25,130.3676,126.8451,11.714,1044.0834,1475,470,107.99
104.3,109.84,133.26,75,112.89,118.7,17,2,11761,54.3,61.6,53.3,1629,1984.5,105.9275,109.9567,9.036,1060,1565.25,470,93.31
114.39,108.82,115.39,84.896,121.89,121.82,22,0,18799,51.8,59.8,48.2,1089,2061.25,126.2,123.53,10.089,1137,1325.75,443,108.42
98.53,96.05,85.34,78.472,100.43,106.6,12,7,13640,47.5,49,44.7,1527.75,2436.5,113.784,111.3651,8.446,1355,3097.5,540,108.57
118,93.8,100.04,64.062,108.06,112.39,21,0,20960,47.5,51.2,48.1,1461.5,1568.25,106.11,111,8.732,1305.875,1410,480,91
125.11,116.57,124.27,74.479,117.39,121.82,20,0,14375,47.5,53.7,51.2,1451.5,2326.25,123.2786,127.0684,8.625,1269.4445,1427.5,500,124.38
104.06,94.4,84.34,77.778,112.89,104.47,20,0,17810,40.6,49.3,45.8,1754.25,2053.5,119.6009,116.231,4.589,1069.2858,1587.5,475,110.76
108.85,112.89,112.98,78.299,104.06,90.25,11,8,3540,56.9,57.6,51.7,2076.5,2599.5,132.95,116.29,7.839,893.75,2065,570,98.2
103.09,105.76,97.38,83.681,117.39,120.32,18,1,31683,50.9,51.4,45,1861,1942.75,110.94,104.18,11.732,1638.4286,1662.5,460,102.33
110.18,114.15,110.6,79.34,108.06,92.5,16,3,10144.5,39.6,40,34.2,1775.5,2289.5,110.36,123.74,7.054,875.5357,1897.5,460,96.72
106.33,107.59,118.67,84.896,104.06,93.23,19,0,23838,50.3,54.4,53.3,1565.25,2329,115.7786,115.1137,11.589,1581.125,1575,490,125.1
85.37,118.28,133.26,88.889,104.06,105.6,15,4,14570,61.1,65.7,52.5,1243,1468,115.3583,126.7233,12.161,909.84125,2002.5,445,110.78
138.91,126.15,130.11,89.931,112.89,135.55,16,3,16645,39.7,49.9,44.8,1496,2553.75,103.19,124.01,10.464,1520,1165,430,110.51
110.66,109.58,115.67,67.188,93.9,96.55,18,1,10826.5,63.4,63.3,62.2,1548.5,2073.5,108.33,91.33,7.625,1205.7142,1404,484,97.9
118.76,122.27,131.64,92.361,144.5,107.51,13,6,7860,44.2,32.9,39.6,1349.25,2193.5,118.8523,111.6256,12.286,775.4545,1330,510,86.16
115.6,121.91,124.27,92.535,104.06,88.06,10,9,6405,47.5,51.2,55,1642.25,2143.5,128.207,120.9202,9.69,1106.2858,1500,470,92.16
104.48,97.65,106.57,89.931,133.93,135.55,23,0,30249,55.7,55.7,62.2,1384.5,2112.75,124.9112,130.1292,11.179,1760.375,1545,435,117.16
95.05,95.21,110.12,78.472,112.89,111.46,15,4,8939,57,47.2,43.8,1281.5,2053,117.5039,119.8836,9.708,792.8571,1790,425,102.24
125.65,125.34,109.66,93.75,112.89,118.8,13,6,6848,28.6,36.5,34.2,1316,1795.75,114.74,124.87,10.036,880.63635,1459,437.5,110.75
108.05,103.78,145.54,84.896,108.06,125.71,7,12,3170,55.6,51.2,44.7,902.5,808.25,104.2913,103.9257,9.518,815.875,1415,440,106.3
105.68,102.73,82.08,90.104,100.43,118.7,21,0,21731,53.4,53.7,46.1,1579.5,2537.25,108.9755,114.501,10.607,1442.5,2170,540,105
117.39,124.4,154.69,84.722,137.98,125.07,21,0,22490,50.6,58.3,45.6,1688,2144.5,112.7767,126.6443,10.536,921.1111,1107.5,420,107.03
118.32,104.59,115.83,67.188,100.43,103.93,21,0,13081,42.4,46.3,44.9,1443.75,2008.25,130.0463,108.5761,8.518,1247.0555,1610,500,124.43
110.69,105.76,107.8,88.542,117.39,104.47,21,0,20910,43.1,52.9,46.1,1579.5,1829.75,114.953,120.8579,10.75,1118.125,1432.5,510,104
107.36,107.28,108.79,79.861,112.89,97.92,14,5,4879.5,38.7,42.7,34.2,1595.5,1620.75,114.35,107.25,8.982,913,1572.75,508,94.95
123.05,115.38,106.57,61.285,112.89,113.72,14,5,9105,45.6,49.3,45.6,1598.5,1676.25,131.0498,141.8487,11.804,1140,1412.5,430,133.01
103.92,102.41,107.23,94.965,117.39,125.71,24,0,29616.5,46.8,42.5,41.8,1431.5,2029.75,122.85,122.54,10.821,1025.1428,1668.5,493,103.21
114.69,114.06,118.67,76.91,96.99,113.72,16,3,7839.5,59,59.8,53.3,1478,1372.75,112.3482,126.2477,9.054,1257,1630,510,100.1
99.11,99.94,102.91,82.292,108.06,118.7,20,0,21438.5,46.8,46,34.2,1264.5,1727,110.5733,106.3234,10.393,1011.6429,1607.5,490,103.02
131.62,125.19,135.98,93.75,108.06,108.93,22,0,24500,36.6,46,34.2,1239,1697.25,127.8275,129.4267,9.161,547,1360,500,136.55
114.75,122.53,97.15,73.09,108.06,92.14,20,0,18285,44.8,51.2,48.1,1414.5,1962.5,125.0839,130.3602,11.518,910,1560,510,134.39
119.16,112.21,150.84,98.785,126.18,135.55,22,0,17099.5,48.4,55.5,48.2,999,1250.75,130.8938,134.3721,5.732,1208.2386,1387.5,420,114.22
109.62,101.16,111.11,84.896,112.89,125.71,20,0,17241,49.1,43.3,44.7,1583,2231,117.4743,120.454,10.393,816.6667,1284.25,440,112.52
122.38,123.33,119.98,65.972,100.43,102.89,9,10,9650,45.9,50.4,51,1636,2219.25,96.3746,103.4482,9.804,1959,1655,490,107.57
119.87,119.25,118.67,88.542,93.9,135.55,11,8,4450,49.8,55.8,49.9,1290,2109.5,115.3752,120.7198,11.571,986.6875,1367.5,490,102.82
114.31,107.41,107.8,90.278,121.89,111.35,7,12,3150,42.7,52.9,45.6,1765,1895,119.9508,129.6218,10.375,1384.4445,1577.5,590,95.12
118.13,104.68,126.95,88.715,126.18,98.57,19,0,16380,62.7,71.4,62.4,1306.5,2662,127.6105,135.3573,9.839,864.2857,1315,530,107.88
118.01,113.97,138.72,87.326,112.89,103.93,21,0,28429,50.9,56.5,49.9,1624.5,1749.75,129.3487,129.1036,10.464,2353.2,1577.5,410,115.63
115.53,116.01,126.95,82.292,108.06,125.07,22,0,26735,44.6,37.2,51.2,1753.5,2295.75,127.1616,120.9043,9.536,1816.875,1745,480,105.75
104.42,115.04,112.32,86.285,100.43,101.01,18,1,11045,43,43.1,45.8,1762.5,2288.25,110.93,114.12,9.946,748.05554,1942.5,480,116.55
112.99,99.69,102.04,89.931,130.38,135.55,22,0,20348.5,42.8,49,44.8,1674,2111.5,115.45,123.49,12.446,1539.8572,1969.25,525,113.29
110.9,108.93,112.67,78.472,108.06,120.32,20,0,23689,44.8,44.3,49.9,1516.5,1832.25,105.06,112.07,8.821,1417.625,1345.5,470,81.43
105.29,110.84,96.06,90.104,93.9,113.72,19,0,15341,31.6,49,39.6,1700.5,2404.75,106.5826,94.09068,9.554,971.86804,1562.5,420,106.98
112.99,103.76,122.72,94.965,133.93,122.66,24,0,16624.5,52.8,51.2,48.1,1454.5,1827,120.4267,126.5055,12,1651.25,1877.25,450,113.29
115,107.48,122.72,91.146,100.43,109.96,12,7,6789,37.2,39.4,34.2,1398.5,1572,120.3347,126.3526,11.179,1135.5555,1400,479,109.6
117.29,110.78,110.12,96.181,104.06,110.7,23,0,30770,42.4,32.9,41.2,1147.5,1302.75,112.6015,112.8457,11.536,936.36365,1340,460,123.93
103.68,107.59,115.83,88.715,104.06,102.25,17,2,13660,65.5,55.1,56.2,1493.5,1311.25,105.6876,103.9233,9.179,1186.25,1445,470,103.34
118.91,96.18,125.64,89.757,108.06,100.97,21,0,14659,49.8,58.3,60.3,1453,2503.75,114.9569,112.4978,12.304,1334.7032,1207.5,470,107.09
125.17,120.56,120.27,83.681,108.06,135.55,16,3,13205,56.9,58,49.4,1815.25,2842.25,111.67,113.71,10.25,1700,1412.5,510,105.72
118.62,104.89,113.4,91.319,112.89,108.93,13,6,5459,54.7,53.9,52.7,1544.25,2363.75,113.0438,117.0778,11.786,618.125,1295,500,107.12
119.59,122.27,131.64,95.139,100.43,112.39,21,0,28811,44.9,58,49.8,1559.5,2680.5,113.4293,108.1692,11.071,1019.2308,1740,450,125.12
143.94,115.87,126.47,84.896,100.43,114.48,19,0,17025,47.5,49,46.1,1476.5,2079.75,113.88,116.59,11.393,1126.6414,1591,437,114.24
116.08,89.22,94.92,88.542,112.89,122.66,15,4,21090,47.5,42.9,42.5,1636.5,2737,100.952,107.58,12.304,1095.7142,1980,470,113.29
106.98,110.68,107.91,79.861,112.89,109.04,20,0,28947.5,45.6,49,41.2,1426,2050,130.9,118.87,10.839,753.2857,1126,407,97.06
118.74,114.61,107.8,95.139,112.89,104.95,24,0,19405,41.5,47.2,48.2,1578,2016,126.4815,121.9883,9.679,1257.5,1632.5,480,100.71
98.18,112.31,94.92,86.458,108.06,95.27,15,4,16520,59,52.9,49.9,1620.5,2602.75,109.9835,97.7005,9.804,1284.1428,1257.5,540,131.14
107.52,104.82,112.27,96.181,112.89,114.48,13,6,5100,46.5,49,42.5,1125.5,1269,109.5157,116.7144,9.679,980,1467.5,480,107.03
110.65,107.53,118.67,86.458,100.43,113.72,18,1,12580,49.5,52.1,43.3,1433,2200.5,126.1153,127.2036,9.071,1536.4286,1537.5,555,86.99
110.53,108.98,110.3,78.472,100.43,112,10,9,5058,52,51.4,44.7,1337,1612,105.69,107.91,7.286,1327,1695.5,455,109.72
130.78,108.82,106.57,86.111,112.89,118.8,22,0,24819,44.3,52.9,42.9,1850.75,2246.25,115.2631,121.1449,8.429,1115,2067.5,450,117.53
99.42,97.68,100.29,71.701,104.06,94.02,16,3,32410,54.1,60.5,53.3,2141.5,2304.5,99.81483,100.7036,7.018,1530.7291,3192.5,610,104.41
122.78,115.92,113.01,71.875,108.06,120.32,13,6,7751,42.7,47.3,34.2,1404,2209.75,117.46,114.3,10.607,1390.2598,1340,450,102.07
126.05,108.46,116.01,85.937,104.06,135.55,21,0,25748,44.3,51.2,42.6,1476,1897.75,117.41,110.89,9.464,1203.0178,1650,405.5,114.32
115.77,126.74,145.54,96.354,108.06,125.71,23,0,22780,50.1,49.6,50.9,1209,1303.75,128.1123,126.3766,11.214,641.4286,1235,465,143.52
101.18,101.82,104.24,87.5,108.06,91.62,8,11,3105,52.8,49.2,62.2,1427,2304,100.53,114.73,10.321,679,2145,440,116.84
123.13,111.89,115.83,81.944,133.93,103.25,21,0,13561,46,46.2,43.8,1475.5,2167,124.5884,122.7735,12.429,1134.2858,1587.5,465,115.31
112.65,114.61,151.81,81.076,96.99,135.55,22,0,18695.5,54.8,54.4,47.9,1608,2139,125.5795,118.9618,10.607,1107.1666,1300,430,102.8
112.84,99.19,125.64,90.104,108.06,105.63,13,6,6549,65.2,69,55,1311.5,1231.25,104.7913,108.0638,9.667,835.5625,1290,480,101.66
121.8,107.34,133.26,88.542,104.06,96.55,21,0,12617,47.5,46.7,43,1201.5,2155.5,117.5488,111.1091,11.786,1155.8,1529.5,490,95.47
103.17,99.77,126.95,85.937,104.06,101.57,23,0,22080,50.9,58.3,51.2,1786,2329.5,117.5291,119.0812,12.429,1648.7,1337.5,470,131.9
118.18,119.02,104.06,80.729,100.43,88.58,19,0,18980,51,54.4,49.9,1023.5,1289,122.1825,115.0681,10.089,803,1352.5,430,101.51
127.37,121.97,119.98,94.965,126.18,95.39,20,0,11230,69.1,59.8,65.7,1286,1646.5,127.8803,121.5229,8.518,1406.6666,1605,475,132.99
104.92,111.15,93.81,82.639,126.18,125.71,15,4,8550,46,60.7,48.1,1289,1764.25,125.42,121.3,9.304,1215.9148,1277.5,535,107.19
111.43,96.54,111.66,66.667,93.9,104.91,8,11,4875,28.6,32.9,34.2,1521,1988,92.47,108.16,8.333,1001.8182,1677.5,430,94.11
113.22,115.08,118.67,77.431,100.43,95.73,9,10,4220,48.5,32.9,34.2,1946.75,2522.5,119.4713,120.7051,12.571,922.9,1670,430,119.78
111.28,94.48,112.27,92.535,117.39,103.25,21,0,23530,37.9,49.3,34.2,980.5,1136.75,117.913,125.5651,10.179,1016.125,1760,430,106.3
116.47,101.27,104.06,75.868,100.43,102.89,6,13,2945,40.3,51.4,42.9,1243.5,1826.75,110.0955,100.4734,12.286,737.4375,1255,410,111.95
121.88,113.5,102.91,73.437,100.43,100.35,18,1,18205,47.8,56,55,1568.75,2961.25,112.0827,110.6315,10.732,1339.0278,2660,410,124.49
113.81,100.27,112.27,83.507,108.06,135.55,20,0,20610,48.7,43.7,46.1,1287.5,1930.75,126.4283,115.7193,10.786,754.5,1182.5,450,115.63
128.57,112.21,111.11,96.354,112.89,118.8,22,0,14940,55,55.8,55,1317.5,1771,123.2349,135.7199,12.571,1260.8334,1407.5,490,106.3
118,102.6,116.82,60.59,96.99,95.13,7,12,3147,55.8,52.9,43.3,1802.75,2003,126.33,130.74,9.607,859.5089,1365.75,450,105.42
111.36,116.43,117.2,79.688,96.99,94.1,18,1,25523.5,49,52.1,38.9,1839.25,2193,114.9241,119.141,9.304,1361.8365,1967.5,510,133.11
136.1,128.76,154.69,97.569,117.39,125.71,23,0,15890,49.9,57.7,54.3,1158.5,1461.75,137.4778,134.9019,12.429,636.25,1040,480,107.65
123.59,111.68,115.84,87.5,112.89,104.53,18,1,17136.5,45.6,44,48.1,1585.5,2424.25,116.69,118.4,10.679,1087.4286,1217,421,109.72
116.55,137.11,129.73,96.354,117.39,135.55,23,0,20514,48.1,55.8,43.5,1270.5,1886,125.62,135.81,11.661,1360.15,1247.75,451,126.18
120.61,112.75,108.54,91.146,100.43,103.28,10,9,4829.5,37.2,41.1,38.9,1410,1846.25,101.57,111.94,9.482,984.1667,2090,460,108.16
138.87,116.57,107.8,86.111,108.06,104.57,16,3,14245,44.2,50.8,49.4,1344,2095.25,110.8928,124.6814,11.25,1510,1647.5,450,122.41
122.09,104.54,100.57,84.722,108.06,100.18,20,0,20856,46.3,49.3,39,1728.5,2389.5,114.65,115.84,11.25,1147.7024,1693,490,129.11
128.57,106.29,122.72,86.111,108.06,135.55,19,0,13320,49.5,49,46.1,1455.5,1931.75,114.8708,124.5489,11.786,1381.875,1557.5,555,119.45
124.56,114.8,122.72,98.785,117.39,120.32,22,0,9455,59,53.7,48.2,1261.5,1603,129.4895,126.5796,12.304,936.4835,1475,510,131.3
122.94,116.43,124.27,97.569,144.5,125.71,23,0,19490,48.4,46,43,1192.75,1621.5,145.2734,133.721,12.571,1045,1657.5,520,120.38
114.32,108.18,138.72,83.507,130.38,125.71,21,0,32118,50.9,63,50.8,1547.5,1824.5,124.7792,125.7007,11.232,2037,1649.75,440,120.13
115.84,106.89,93.82,89.931,104.06,97.46,14,5,9380,57.1,59.8,62.2,1450.5,1857.75,132.3688,132.7345,8.911,873.5714,1532.5,490,122.12
115.29,114.53,96.52,77.431,133.93,120.32,16,3,11839,47.9,51.2,44.2,1607.5,1583.75,110.61,111.63,9.911,998.5714,1325,470,100.75
108.33,105.63,121.22,60.069,100.43,95.07,6,13,4509.5,49.5,46.9,46.3,1598,2135,116.651,99.92009,8.982,776.6667,1482.5,440,93.09
117.54,125.34,125.02,97.569,121.89,105.63,22,0,24914,54.4,65.6,56.6,1229.5,1535.5,130.71,121.26,11.179,1142.7142,1373.75,490,116.84
103.77,114.61,100.29,88.715,112.89,121.82,22,0,13760,40.4,63.3,48.5,1624,2023.75,114.8764,121.1854,11.179,1155.6666,1567.5,650,108.89
100.6,93.57,138.72,85.069,104.06,97.65,13,6,13180,51.8,54.4,42.4,1517.5,2588.75,105.6663,103.5347,9,996.5,1747.5,530,112.28
123.61,129.71,98.16,81.25,108.06,109.96,20,0,16671,35.4,46.9,39,1283.5,1869,126.5832,123.3659,11.679,1183.8413,1647.25,460,124.62
123.02,106.14,93.82,68.924,104.06,103.59,13,6,9770,70,68.5,58.8,1178.5,1248.25,99.54,106.57,8.071,931.48413,2182.5,465,103.15
118.5,118.19,128.07,96.354,121.89,116.13,20,0,8668.5,54.1,52.3,49.9,1052.5,1516.5,118.29,115.52,10.464,975,1069,420,104.22
116.08,142.11,91.62,83.507,108.06,104.34,21,0,45590,36.9,50.6,44.7,1693,1953.25,125.9663,121.2317,12.571,1117.625,1610,480,101.76
110.99,105.15,135.98,97.569,108.06,135.55,10,9,4535,54.1,46,44.8,1070,1302.75,118.477,113.2085,12.143,763.125,1350,470,94.41
136.1,142.11,154.69,62.153,93.9,104.95,12,7,8697,44.2,40.1,43.8,1700,2087.75,99.68977,104.6023,5.167,1136.9625,1501.5,468,99.88
119.76,121.42,127.97,88.368,100.43,125.71,20,0,19245.5,48.7,47.2,45.6,1277.5,2103.75,111.15,103.91,11.25,978.51135,1250.5,410,92.78
128.95,130.68,133.26,100,117.39,135.55,24,0,14153,54.3,52.1,46.1,1124,1931.25,113.2644,122.3832,12.446,1369.375,1160,420,116.99
129.77,124.78,154.69,81.944,121.89,116.13,21,0,11670,44.6,46.7,43.9,1595.75,2064.25,140.7528,130.2654,11.929,998.5714,1145,500,116.84
113.99,120.9,108.36,91.146,84.63,121.82,22,0,17152.5,49,51.2,48.1,1252,2107.5,134.26,146.16,11.429,896.5091,1341.75,481.5,118.09
129.82,110.98,114.14,86.285,100.43,113.72,9,10,4462,46,42.9,42.8,1673,2320.5,110.26,103.68,11.375,804.5714,1723.75,439.5,94.8
112.04,106.78,111.11,86.111,117.39,112.39,19,0,20148,50.9,54.9,57.6,1343.5,1926,114.8529,107.663,11.179,636.1875,1405,460,96.79
130,126.63,119.85,71.875,84.63,102.63,22,0,22837,54.9,48.6,53.4,1250,1547.5,117.53,111.91,9.054,1078.5714,1388.5,408,125.28
107.74,103.95,117.02,52.431,93.9,97.54,12,7,7633.5,54.7,63.3,62.2,1308.5,1637.5,108.93,124.83,10.321,880.4545,1592.25,440,108.06
134.08,108.4,117.2,88.542,104.06,111.35,21,0,11440,51.8,54.1,46.1,1306.5,2017,137.4778,145.6397,11.286,1035,1552.5,550,111.26
109.54,119.7,112.98,78.472,121.89,116.13,15,4,8888,28.6,32.9,34.2,1740,2048.75,122.73,112.69,11.804,951.9,1505.75,427,103.43
107.79,95.8,72.24,75.174,121.89,109.47,9,10,5010,56.1,61.6,50.8,1584.5,2097.5,128.1601,128.4154,9.607,1497.9762,1640,515,101.89
120.68,127.39,146.95,91.146,126.18,102.18,7,12,3796,49.5,40.9,43.4,1290,2569,113.4137,116.899,10.339,1225.1428,1428.5,440,114.93
136.1,127.53,110.12,97.569,117.39,103.28,8,11,2725,38.1,41.7,39.4,966,1510,117.62,123.93,11.571,560.55554,1204.5,390,93.22
113.93,107.82,118.37,93.75,93.9,112.39,21,0,18183,44.6,51.2,34.2,1250,2214.75,122.06,122.71,10.482,1470.8264,1519.5,465,112.08
119.39,111.98,125.07,84.722,93.9,106.6,15,4,7650,34.6,32.9,34.2,1130,1701.25,116.91,118.85,11.107,1291.25,1575,450,108.04
108.21,110.74,109.05,87.326,121.89,104.34,20,0,21150,31.6,37.9,34.2,1399,2506.75,113.896,117.1148,8.75,1538.8889,1637.5,530,119.45
97.57,100.47,100.69,78.299,126.18,110.13,22,0,16831,48.2,54,43,2018,2374.5,118.34,132.65,10.214,1218.3,1665,450,92.16
123.42,123.33,106.57,91.146,104.06,88.97,17,2,31420,54,51.2,55,1478.25,2594.5,117.2298,121.1766,11.25,1156.3195,1580,520,110.21
117.07,125.46,111.91,69.792,112.89,109.04,14,5,5064.5,48.4,59.8,51,1823.5,2365.25,118.86,114.33,10.179,630,1424.75,420,145.17
123.58,109.62,113.13,93.75,112.89,125.71,23,0,22972,45.9,42.6,38.5,1681,2370.25,115.86,116.17,12.571,1800,1890.5,490,121
118.32,114.29,94.57,77.257,100.43,121.82,19,0,32470,51.1,60.7,76.5,1271.5,2023.5,106.29,104.1,9.75,1112,1380,490,102.07
103.89,95.9,135.98,92.535,112.89,102.93,17,2,8760,50.6,59.8,48.2,1120,2254.25,125.7097,130.7467,11.179,910,1314.5,410,118.3
108.08,107.92,129.82,85.069,126.18,118.7,21,0,9580,37.8,41.4,34.2,1328,2016.25,136.049,129.6218,11.661,733.875,1272.5,550,144.02
112.9,107.48,107.86,88.368,117.39,113.72,21,0,17070,43,49.6,38.5,1363,1743.5,119.1,127.68,10.893,1093.3334,1647.5,450,114.63
116.55,101.99,109.36,64.931,100.43,135.55,11,8,3750,47.5,49.6,41.5,1387.25,1793.25,112.82,112.52,11.679,1320,1817.5,440,97.87
119.76,116.72,96.06,92.535,108.06,122.66,15,4,11790,54,49,46.1,1363,1782.5,112.2093,115.3645,12.571,934.44446,1940,530,114.58
112.04,112.13,105.28,64.062,93.9,113.72,10,9,10070,40.5,45.9,56.9,1523,2127.5,113.9494,120.5032,8.679,1368.75,1542.5,500,108.87
105.99,99.86,102.91,82.118,121.89,125.71,21,0,21339,59.2,63.3,58.8,1369,1888.5,115.6633,106.5137,9.75,1421.2858,1982.25,460,99.93
108.18,97.34,129.82,68.056,117.39,109.96,12,7,5574.5,44.2,32.9,34.2,1476.5,1487.75,116.5913,112.6107,10.482,1158.5714,1417.5,420,113.29
108.25,104.72,101.6,84.722,104.06,93.23,19,0,11510,58.8,66.9,47.6,1461,1639.25,123.2308,126.4789,9.304,974.8571,1402.5,485,110.94
143.94,116.34,149.88,97.396,126.18,118.7,18,1,8469,52.2,54.4,44,942,934.75,112.2389,121.4331,12.446,921,1242.5,400,119.8
111.22,113.5,96.06,77.257,108.06,118.39,19,0,20080,46.1,50.6,47.6,1352,1817.75,119.8787,105.5136,10.179,925.7143,1470,470,118.51
116.59,109.62,110.12,72.569,100.43,90.25,21,0,24939,49.8,58.3,49.9,1987,2652,110.8088,113.546,11.5,816.9231,1665,480,126.06
118.52,113.32,103.62,97.569,112.89,111.46,20,0,35177.5,54.1,54.4,47.6,1325,1614.5,113.03,107.57,10.464,1411.8572,1877,491,117.89
104.38,104.59,100.17,56.076,93.9,99.4,18,1,25726,28.6,46,46.1,1770.25,2436.5,99.61,103.02,4.875,1610.2142,1732,560,110.76
111.94,107.76,119.98,82.118,117.39,125.71,20,0,18256,28.6,32.9,42.6,1356.75,2090.75,109.9719,108.9928,10.214,1400,1510,545,107.16
109.81,106.72,115.42,83.681,117.39,135.55,22,0,16841.5,42.2,32.9,34.2,1574.5,2084.5,114.55,110.42,11.679,969.1667,1552.5,490,103.13
115.03,125.54,108.58,95.139,133.93,91.76,23,0,14679,45.1,51.2,45.6,1496.5,2078.25,137.54,140.06,12.571,1481.8956,2052.5,480,89.7
115.91,106.78,113.4,92.535,121.89,109.47,19,0,10931,47,49.6,46.1,1300,1921.25,125.57,122.55,10.054,772.2222,1865,530,107.25
122.99,114.33,149.88,88.715,108.06,135.55,22,0,18009,59.4,59.7,52.5,1350.5,1835,117.2627,121.3263,11.643,1157.1428,1495,420,110.28
143.94,114.29,117.2,83.333,108.06,135.55,21,0,13370,34.5,49.3,34.2,1419,2374.5,110.2664,114.8657,10.036,832,1052.5,460,104.37
121.24,118.28,110.12,77.431,100.43,135.55,15,4,11949,57.1,55.1,52.7,1379,1434.25,135.1487,130.1794,11.179,1442.5454,1529.75,450,127.84
113.6,94.89,96.06,63.715,112.89,125.71,17,2,47748,35.9,55.1,45.7,1770,1997.5,104.0429,106.5325,9.167,1670.9404,1810,520,100.23
107.84,96.43,109.81,88.889,121.89,125.71,20,0,13979,47.2,51.2,49.4,1499,2408.75,118.1,126.17,10.714,1127.75,1444,461,108.57
102.11,108.59,115.22,63.368,96.99,99.71,9,10,3424,53.2,59.7,53.5,1143,1716,101.47,108.74,8.714,704.8889,1235.75,420,111.98
120.38,99.32,118.67,89.931,100.43,87.1,18,1,19000,32.7,32.9,34.2,1397,1765.75,124.1657,119.0421,12.143,1427.1428,1232.5,425,121
111.88,98.51,124.27,87.5,108.06,135.55,7,12,3070,44.3,51,42.1,1466.5,2216.25,114.1786,106.6453,11.929,544.25,1100,410,123.83
112.4,117.4,154.69,96.181,130.38,135.55,20,0,16450,45.1,44.3,46.1,1158,1428.25,122.3772,117.1033,11.446,817.7778,1210,475,124.26
113.3,112.21,85.34,89.931,112.89,120.32,21,0,18340,47.5,46,41.2,1150,1417.5,115.0555,115.3504,11.714,872.5595,1355,480,92.98
116.5,110.53,133.26,83.333,117.39,135.55,24,0,14750,42.4,40.1,34.2,1349,2263.75,116.2988,109.4593,10.643,1274,1327.5,450,96.59
128.19,127.66,150.84,87.326,117.39,114.48,21,0,22850,49.8,49,49.9,1394.5,2646.75,115.7057,112.6149,11.5,1370.8334,1480,450,119.16
107.98,117.71,104.06,93.75,104.06,101.99,20,0,18665,58.8,56.5,52.5,1120,1324,118.9679,129.5944,11.929,914.875,1257.5,470,117.67
101.27,111.62,109.88,72.396,112.89,118.7,12,7,6544,44.4,35.9,34.2,1819.25,2560.5,118.54,106.86,9.893,918.375,1782.25,569,112.47
107.14,109.54,115.83,61.111,104.06,135.55,9,10,4700,28.6,42.7,42.1,1279.75,1750,107.4004,110.0629,10.5,671.4286,1577.5,580,101.56
113.2,104.82,119.98,80.903,117.39,122.66,17,2,15200,44.6,51.2,44,1499.5,2387.25,120.6846,116.366,11.929,1480,1635,400,104.09
118.45,112.13,122.72,84.549,104.06,125.07,9,10,3200,43.8,46,34.2,1597.5,2415.25,109.7422,109.1947,11.357,669.1667,1487.5,460,108.91
125.42,110.91,107.82,89.931,108.06,118.39,22,0,30865,53.9,54,51.7,1373.75,2147.75,121.22,117.58,11.107,1174.2858,1417.5,540,107.04
122.5,114.23,127.53,87.153,121.89,108.29,20,0,10140,40.3,32.9,34.2,1269.25,1943,132.41,135.36,10.607,923.8071,1260,550,121
98.44,130.89,128.25,87.326,108.06,108.29,10,9,9595,40.6,45.2,42.2,1673,2155,102.8098,104.3683,9.524,995.625,1527.5,430,97.91
118.76,131.61,118.67,92.535,108.06,100.97,21,0,15329,49.7,56,55,1302,1887.75,118.3415,113.1191,11.214,1004.875,1535,505,103.54
120.24,114.33,117.15,97.569,126.18,125.71,20,0,23879,67.2,56,62.2,1434.5,2128.5,110.83,126.87,12,864.2143,1322.5,440,132
105.94,93.13,107.8,91.146,108.06,102.63,14,5,10135,49.5,55.7,57.6,1561.5,2080.75,107.0814,103.4563,11.929,892.375,1537.5,510,111.2
114.23,114.7,107.8,84.722,130.38,135.55,21,0,24521,42.4,46.7,46.1,1011.5,1725.75,110.1274,124.373,10.125,1870.0549,1685,470,127.84
128.03,106.2,105.28,91.146,137.98,125.71,23,0,21880,39.4,32.9,34.2,1051,1550.25,126.0044,122.5554,11.929,841.0227,1397.5,420,110.99
143.94,136.62,129.14,91.319,100.43,135.55,22,0,14976,52.8,54.1,43.6,1103,1691.25,125.97,124.94,10.071,1165.2678,1177.5,450,115.52
106.14,93.64,105.28,67.187,117.39,112.39,13,6,8020,46.4,46,46.1,1258,1364.25,120.5634,118.4759,11.179,725.5,1440,410,104.33
122.12,104.32,86.42,94.965,133.93,112.39,23,0,11970,50.3,53.7,55.5,1358.5,1732,134.2792,131.8461,12.143,908.38464,1360,470,119.72
130.59,120.9,122.31,78.472,112.89,113.72,15,4,11493,40.3,51.4,41,1160.5,1731.75,121.11,114.31,9.804,1390.257,1345.25,400,111.74
95.39,94.89,93.85,82.118,104.06,102.93,22,0,19666.5,44.2,47.2,48.1,2012,2636,110.18,113.03,10.964,1277.7,1483,412,117.5
122.94,115.31,108.36,88.889,126.18,108.93,10,9,4383.5,35.3,38.3,34.2,1115.5,1536.25,128.6,125.74,9.839,898.2857,1079.5,482,104.07
123.05,112.25,113.4,62.847,108.06,109.47,21,0,23109,64.3,70.2,60.6,1183,1999.25,118.6504,106.4497,10.893,1328.75,1510,520,124.02
132.18,117.28,94.92,61.285,108.06,108.89,18,1,11605,54,64.9,65.8,1412,1931,106.3371,110.1555,8.804,930.9091,1717.5,470,111.96
119.58,142.11,125.64,85.243,108.06,109.47,23,0,12179,36.3,52.2,45.7,1458.25,2150,124.2415,134.631,11.804,1279.091,1175,440,126.2
114.39,115.73,117.2,92.361,108.06,120.32,20,0,16825,50.7,63.9,62.3,1113,1634.75,120.1457,117.5174,8.179,919.625,1735,465,106.3
114.35,120.49,122.72,77.431,112.89,119.72,21,0,27631,49.8,61.3,59.8,1567.75,2471.25,118.0758,114.0911,9.054,1299.7142,1767.5,520,110.99
111.2,105.22,107.8,87.5,108.06,111.35,12,7,6884,59,59.8,58.9,1552.75,2338.5,103.7439,114.4487,10.464,818.125,1900,380,100.69
123.23,116.43,152.77,96.181,126.18,135.55,19,0,14340,43,51.2,46.1,1242,1910,130.0463,125.4287,11.179,702.8571,1855,510,120.24
121.77,125.05,117.87,94.965,126.18,112.39,7,12,1989,38,41.2,34.2,1261,1894.5,113.48,122.27,10.893,540,1295,430,111.93
119.87,118.12,129.82,94.965,104.06,109.04,20,0,27755,47.5,51.2,43.6,1807.75,1685.75,104.8351,103.2814,7.982,970.9091,1515,505,111.36
113.9,115.38,124.93,74.653,117.39,116.13,11,8,3850,28.6,32.9,34.2,1169.5,972.5,106.23,102.25,8.214,566.5873,1335,455,116.97
123.99,112.77,121.22,96.354,126.18,125.71,20,0,8844.5,52.8,45.7,46.1,1435,1883.5,122.8005,125.3169,12.446,1098.6643,1485,460,116.57
112.62,123.46,90.59,88.542,96.99,100.18,20,0,34215.5,46,56.5,48.7,1718,2364.75,122.2997,124.1721,10.339,1055,1610,440,112.32
126.58,119.97,117.67,92.361,108.06,87.75,21,0,14580,41.4,52.9,42.2,1179,1729.25,109.36,111.17,11.214,1259.1818,1722.5,455,128.95
122.5,89.59,89.64,86.111,104.06,116.13,20,0,20001.5,47.5,54.9,41.3,1804.5,2026.5,117.3556,111.714,9.607,1234.4615,1414.5,410,116.06
133.28,111.24,122.7,100,117.39,118.7,20,0,14663.5,57.4,46.2,54.3,1185.5,1773.75,123.66,124.57,11.036,896.1111,1949.5,452.5,101.38
114.32,116.34,115.9,85.069,104.06,122.66,22,0,18069.5,56.4,53.9,46.1,1407,1953.5,113.7,110.88,12.018,1072.5,1760,480,92.68
117.98,121.28,134.82,89.931,108.06,101.78,19,0,20470,44.2,41.7,34.2,1217.5,2152.25,113.1324,113.7257,11.875,1541.091,1335,450,132.17
134.24,123.33,131.39,96.354,126.18,106.4,12,7,4030,60.6,59.8,48.1,1503,2004,120.92,120.4,12.571,668.875,1305,440,110.19
111.59,109.37,112.65,83.507,112.89,101.57,19,0,42985,51.3,59.8,41.5,1304.5,2082.25,114.12,114.48,10.393,1814.4375,1790,480,118.59
112.74,117.89,121.22,81.424,108.06,135.55,15,4,18900,55.6,50.4,42,1669.5,1565.25,101.1325,93.86195,10.464,1122.4045,1830,484.5,113.29
99.01,100.04,98.16,65.451,100.43,101.57,16,3,17801,51.6,59.6,53.3,1702.5,2342.75,116.1344,112.6398,10.482,2751.4285,1980,550,113.29
119.76,114.15,109.84,95.139,112.89,135.55,23,0,25601,28.6,54,38.9,1526.5,1928.75,105.98,115.97,9.018,992,2495,506,93.15
113.03,124.13,101.28,88.542,100.43,116.13,21,0,18360,54.4,51.2,51.3,1627,2260.5,119.88,115.16,11.107,1154.5714,1440,470,118.27
111.26,117.4,123.79,74.653,100.43,121.82,17,2,17519,44.5,51.2,45.5,1508.5,2112.5,101.08,109.25,10.179,1069.7142,1505.5,420,133.12
116.7,113.07,126.95,92.361,112.89,135.55,19,0,18180,51.7,51.7,38.9,1259,1632,116.529,105.9446,11.929,880.55554,1572.5,485,127.84
104.77,110.9,107.74,58.854,93.9,88.06,5,14,2730,42.5,46.9,50.8,1687.75,1628.5,104.42,107.98,8.196,1744,1395.25,508,111.98
116.64,109.37,135.98,84.549,100.43,121.82,22,0,12039.5,33.3,40,34.2,1651.5,2365.5,117.7173,124.9449,11.571,809.9091,1229.5,490,92.16
116.7,113.75,77.83,87.326,112.89,121.82,17,2,20284,52,51.2,51.3,1658,2372.75,102.9776,120.9898,12,1079.5,1804.5,450,125.61
104.98,102.05,98.16,75.694,108.06,95.17,16,3,23744.5,40,51.7,34.2,1332.5,1569.75,121.2995,123.5326,10.268,1142.0635,1387.5,490,105.13
113.99,112.56,112.26,87.326,126.18,125.71,23,0,23370,54.1,51.2,48.1,1332.5,2128.75,117.85,118.53,10.679,1373.3517,1805,470,117.7
119.58,108.94,126.95,96.354,100.43,93.31,16,3,12870,36.4,37.9,44.8,1157.5,1619.75,112.9418,126.2651,11.571,1545,1515,470,117.59
117.17,107.24,105.64,92.361,117.39,112,18,1,19034.5,43.2,38.8,39.4,1475.5,2168.75,109.72,111.13,11.107,1098.625,1682,450,105.61
114.11,118.42,106.57,76.736,100.43,109.47,8,11,7030,39.6,53.7,34.2,1770.25,2164.25,105.4997,110.8987,8.589,2261.4285,2340,450,98.91
128.4,118.66,114.52,97.569,117.39,100.97,21,0,14060,28.6,32.9,34.2,1219.5,2017.5,115.4399,106.5689,11.589,1426.0983,1445,415,120.4
119.14,105.26,107.8,74.479,121.89,110.7,23,0,18260,41.9,52.9,46.1,1345.5,1751.5,121.103,130.57,9.911,2288.875,1820,430,101.56
118.33,118.28,117.67,90.104,117.39,102.77,18,1,14752,58.9,64.9,64,1987,2683.5,115.48,111.28,10.464,725.95,1540.25,410,96.85
128.42,124.78,144.47,93.576,117.39,120.32,14,5,11845,54.9,43.9,55.4,1101.5,1930.5,110.4944,120.518,10.321,1377.409,1452.5,550,125.95
97.15,96.28,103.83,56.424,104.06,114.48,16,3,14329,49.8,32.9,44.2,1596,2193.5,104.6,121.57,6.411,695.7143,1457.25,450,103.35
121.78,112.45,138.72,80.903,112.89,125.71,18,1,7834.5,54.1,51.2,48.1,1036.5,1656,137.5687,124.1406,10.089,799.2857,1150,415,114.35
110.55,127.95,116.01,93.924,121.89,111.35,21,0,16720,32,46,45.5,1682,2441.25,119.55,112.25,8.893,1091.4286,1507.5,470,92.87
108.49,102.16,107.86,92.535,108.06,106.85,12,7,8409.5,51,51.2,51.2,1467.5,2204.75,109.03,112.71,10.786,670,1467.5,500,125.45
107.98,113.42,105.08,63.368,108.06,121.82,11,8,6880,52.3,49.2,34.2,1598.5,2423.25,121.67,103.27,10.071,1501.0358,1522,458,95.37
124.39,114.61,102.91,98.785,117.39,121.82,18,1,19165,52,56,55,1227.5,2058,123.7836,127.9707,10.464,1034.7916,1410,440,113.29
118.69,124.92,154.69,98.785,126.18,135.55,17,2,5859,45.6,51.2,43.3,1218,1758.75,115.0595,117.5935,12.446,1022.375,1447.5,410,123.33
113.53,122.4,89.64,78.993,112.89,107.09,16,3,23320.5,47,46,45.6,2161,2059,133.6614,150.705,11.929,1418.1818,1552.5,450,131.14
106.28,95.78,115.83,88.715,133.93,119.72,21,0,34090,48.5,51.2,42.8,894,1333.25,117.8552,123.4622,11.714,1032.8572,1415,440,104.1
98.12,103.14,110,48.611,117.39,111.46,12,7,9185,64,59.8,62.5,1445.5,2231.25,106.93,113.69,9.75,1382.7273,1683.75,453,92.88
119.52,124.78,138.72,89.757,130.38,113.72,18,1,10980,52.5,48.7,42.6,1071,1668.25,114.5398,124.0158,12.571,1085,1282.5,450,107.42
118.5,121.09,137.25,78.472,117.39,118.7,12,7,8465,28.6,32.9,34.2,1457.5,1169.25,118.2223,105.4301,9.536,1782.0865,1450.25,445,107.16
117.19,109.98,116.75,92.361,104.06,121.82,12,7,4110,54.8,54.4,53.4,1698,2439.75,129.02,132.65,12.571,580.9091,1290,420,129.74
116.94,102.76,89.64,74.826,108.06,125.07,20,0,25364,54.4,56,62.2,1999,2844.25,106.8004,115.822,8.589,1145.7233,1444,463,108.75
115.72,101.1,104.06,74.479,112.89,114.48,19,0,15880,49,52.1,48.1,1956,2310,121.767,128.6094,10.821,1334.5454,1495,510,105.04
111.93,129.54,118.67,90.972,104.06,95.03,18,1,23950,28.6,32.9,34.2,971,1049.25,105.6688,105.8562,10.893,1101,1332.5,495,107.09
123.06,109.09,137.25,96.181,117.39,125.71,22,0,23835,60.7,56,46.1,1171.5,1847,119.6225,114.4496,10.75,534.625,1442.5,540,109.75
111.51,103.64,100.29,81.076,104.06,106.04,20,0,16735,48.5,43.7,39.1,1679.75,2378.25,106.9263,118.0931,11.179,1108.5714,1455,560,119.25
143.94,134.24,136.33,83.507,117.39,110.7,20,0,17787,51.3,53.7,51,1195.75,1475,120.11,116.94,9.893,1388.4,1715.5,430,114.81
118.53,130.21,146.95,87.326,121.89,102.25,22,0,16260,48.1,53.6,54.3,1181.25,1789.25,120.4676,130.0979,10.75,892.2222,1222.5,440,106.3
118.33,126.95,107.8,88.715,126.18,106.04,20,0,31380.5,54.8,54.4,48.1,1329.5,1863.5,117.4496,113.3058,10.321,2231.4285,1520,440,97.74
118.18,111.29,115.83,92.708,108.06,105.09,20,0,19265,50.3,51.2,55,1761.5,2156.5,128.4495,134.8629,10.661,1286.6964,1535,540,116.21
113.47,115.31,117.2,95.139,133.93,135.55,22,0,31147,43.8,51.2,41.5,1342,2602.25,113.0886,120.7908,11.232,1325.5793,1335,470,121
113.37,114.97,113.77,62.153,112.89,104.34,16,3,11512,41.3,46,39.4,1560,2068.75,113.03,124.34,10.482,958.2857,1408,452.5,99.48
134.69,142.11,122.01,96.181,117.39,113.72,21,0,15291,43.4,49,48.2,1142,1864.75,140.9,150.71,12.571,860.0833,1535.25,410,113.29
112.93,103.32,100.29,70.312,100.43,101.57,15,4,11260,57,55.5,56.1,1738.25,2690,116.5653,124.0462,8.911,1330,1582.5,540,102.07
101.14,108.59,138.72,92.535,100.43,118.7,24,0,16076,44.1,49,42.4,1546,2068.25,126.9043,121.2301,11.589,1208.1,1455,490,91.47
122.12,116.12,135.98,87.5,117.39,135.55,12,7,6814.5,61.1,63.3,61.9,1719.25,2688.25,101.0231,109.6302,10.321,649.875,1265,470,113.29
119.42,121.83,98.16,94.965,130.38,135.55,22,0,21490,42.6,52.9,55,1535,1902,123.7278,132.1965,11.929,1954.9546,1232.5,389.5,129.44
143.94,122.84,107.43,97.396,100.43,135.55,21,0,16440,45.6,56,43.8,1398,1905.75,116.5,132.65,10.5,1263.013,1600.25,480,105.2
119.59,99.86,125.64,94.965,100.43,88.97,19,0,24140,39.9,41.1,34.2,1381,2146.75,123.8052,121.4674,11.857,1504.2858,1332.5,410,118.73
123.18,113.89,112.27,76.042,112.89,135.55,20,0,11190,42.9,51.2,41.8,1518,1676.5,109.4712,107.766,9.161,1038.75,1590,460,85.44
109.82,115.08,113.47,76.215,117.39,125.71,15,4,13167,54.9,53.7,51.2,1872.25,2400.75,112.48,121.37,10.643,1529.3392,2004.75,479,105.49
96.12,109,98.18,60.069,96.99,114.48,9,10,5929,50.2,53.7,56,1637.5,2461.5,97.82,108.16,8.911,1168.7084,1318.5,422,98.38
107.42,118.51,110.93,79.861,80.79,99.71,22,0,29822,54.8,53.7,51.2,1598.25,2528.75,112.53,109.64,9.268,884.15,1336.25,471,124.37
99.24,106.72,107.86,61.806,96.99,109.47,6,13,3089.5,56.6,60.6,55,1428.5,2082.75,106.08,101.74,8.893,561.125,1330,450,124.04
115.62,106.37,94.84,83.16,126.18,92.5,21,0,22050,41.5,52.1,47.6,1494,2068.75,125.59,124.53,11.661,2201.4019,1672.75,515,120.26
124.54,120.07,144.47,91.146,108.06,112,10,9,3095,62.4,59.8,62.2,1134.5,2162.25,126.0119,113.2663,11.714,934.8889,1250,520,123.66
93.8,93.04,91.62,87.5,93.9,118.7,18,1,23420,45,46.7,38.9,2093,2981,116.2984,108.6897,9.054,959.7159,1557.5,530,118.02
114.31,108.78,89.64,88.542,126.18,119.72,21,0,20150,34.5,50.2,34.2,1359,1814.75,115.2745,118.6391,8.571,1700.9524,2552.5,535,99.57
122.01,109.29,127.9,82.292,117.39,105.6,13,6,7560,45.7,51.2,43.8,1135,1377,119.63,114.57,9.625,701.5,1215,475,98.91
107.73,106.83,88.71,84.722,108.06,118.7,12,7,6570,51.8,49.3,42.4,1416,1937.75,111.5107,114.7226,8.268,1496.125,1505,470,91.21
107.73,102.48,83.25,75,104.06,102.25,10,9,5600,56.8,59.7,56.9,1418,2533.25,123.1709,123.11,11.518,1371.25,1972.5,620,107.18
114.06,109.18,118.92,93.75,121.89,135.55,21,0,19748,53.8,51.2,48.1,1355.5,2060.75,115.56,122.86,11.179,2500.9106,1333.5,451,102.64
109.62,98.96,105.53,79.687,108.06,116.13,18,1,16769,42.5,41.5,41.4,1370,1335.5,122.97,100.5,8.464,1111.075,1552,500,100.41
129.94,119.39,145.54,89.757,117.39,112,20,0,23350.5,60.7,54.2,55.9,1165.5,2188.75,135.7188,129.5978,11.786,1136.4286,1022.5,430,134.74
114.23,102.83,103.08,94.965,117.39,120.32,19,0,24000,45.9,52,46.1,1642,2270.5,129.4,127.43,10.036,1181.25,1777.5,540,111.16
122.94,116.43,114.9,91.146,108.06,125.07,17,2,22981,44.2,46,47.9,1573.25,1390.75,133.13,126.75,10.607,1374.0714,1395,410,126.54
112.12,108.31,119.11,82.292,108.06,135.55,14,5,10660,54,46.9,45.7,1543,2392.5,109.63,112.84,8.607,803.9,1596,447,123.33
103.93,114.97,114.52,87.674,126.18,109.47,17,2,16379,52.9,61.3,57.5,1661.5,1931.75,117.5933,114.8512,11.679,1604.5454,2199.75,420,106.89
102.9,92.88,115.83,86.285,126.18,119.72,20,0,10329.5,47.5,49.9,41.5,1330.5,1786,117.6638,104.3563,10.25,728.9,1467.5,485,109.63
138.87,123.33,97.15,81.25,117.39,117.32,20,0,18205,43.2,42.7,34.2,1474,1953.75,109.7724,130.7467,12.286,1152.5,1440,500,144.04
104.54,115.38,124.27,76.389,108.06,106.85,17,2,17310,58.8,59.7,47.1,1401,1799.25,101.4552,107.9568,12,1234.6154,1490,470,101.93
97.19,90.61,99.14,85.069,100.43,135.55,13,6,12600,52.4,61.5,49.4,1402,2143.25,125.4211,123.4976,9.893,1734.2858,1535,520,125.43
110.66,100.21,109.71,68.229,108.06,116.13,8,11,3375,37.1,46.7,34.2,1521,1645.5,101.66,92.47,8.75,664.6667,1792.5,465,91.1
107.69,113.2,129.82,60.59,100.43,101.51,7,12,3380,58.8,67.1,58.9,1463.5,2234,100.0522,109.7589,8.589,835.36365,1601.75,450,116.4
113.09,101.27,103.72,82.118,88.68,101.99,7,12,5336,28.6,48.7,34.2,2071,2330.25,99.46,99.25,9.036,791.05457,2141.25,530.5,86.81
114.23,101.35,122.72,64.757,100.43,84.9,21,0,33184,34.5,32.9,43.3,1054,1473.5,117.6387,126.5793,9.393,1395.9,1147.5,395,121
103.33,100.02,91.62,79.688,112.89,97.54,12,7,10174.5,34.5,39.1,38.9,1387.5,1463,110.4541,106.8626,10.482,1258.625,1685,550,92.56
124.56,115.87,140.59,91.319,117.39,116.13,23,0,27600,39.2,50.7,45.6,1117.5,1537.75,116.7069,113.473,9.464,1236.1608,1875,620,124.19
107.52,93.17,105.28,88.889,126.18,107.51,20,0,33015,41.6,51.2,45.8,1964.25,2778,117.4114,123.1803,9.536,1083.75,1707.5,550,119.74
105.89,97.58,131.64,96.354,117.39,135.55,22,0,21349,49,37.4,38.1,1065,1614.25,120.644,129.4478,12.571,500,1295,420,112.61
97.94,97.81,113.4,96.181,108.06,119.72,24,0,31250,44.3,51.2,53.3,1202,1644,135.9823,150.705,11.446,1227.5695,1565,520,131.86
126.59,99.89,117.81,93.924,108.06,135.55,17,2,8060,42.4,49.2,44.7,1192,1854.25,107.61,122.33,10.75,1173.4603,1525.5,490,123.95
127.11,120.7,108.63,88.368,100.43,109.4,14,5,7270,54.8,49.3,48.1,1208.5,1888.5,111.31,119.5,10.054,941,1704.75,515,99.66
116.08,103.16,98.16,66.84,133.93,103.59,16,3,17125,42.4,51.2,41.8,1244,2234,110.9109,107.5667,11.036,1098.3766,1605,485,111.5
105,100.42,125.64,88.715,108.06,108.29,21,0,18350,45,44.3,46.9,1519.5,2100.5,126.7161,134.8629,9.321,1022.0192,1380,450,97.41
102.03,128.63,118.07,70.486,100.43,112,18,1,14601,62.3,59.8,58.9,1683,2263.75,123.77,119,9.625,954.5643,1462.5,500,117.12
118.45,142.11,99.14,93.576,112.89,135.55,22,0,15189,49.8,51.2,50,1557,1834.5,104.8783,103.1086,12.429,1102.8943,1295,500,106.98
132.18,142.11,113.4,81.076,126.18,135.55,23,0,39911,47.7,52.9,49.4,1500,2348.25,126.2074,123.4713,12,1295.3846,1105,450,130.64
109.67,107.28,128.25,79.861,117.39,116.13,15,4,5100,44.5,49.6,45.1,1595,1709.75,126.3469,116.4717,11.857,1498.2858,1440,540,106.3
105.06,107.53,96.06,73.09,112.89,78.96,8,11,4915,57,49.3,48.1,1326.5,1355.75,106.0165,104.8443,7.089,1056,2255,460,96.72
118.84,115.57,122.52,91.319,130.38,135.55,15,4,10551,55.4,65.6,52.5,1581,2339,130.65,149.29,12.446,808.1818,1315,465,117.55
122.83,119.16,124.27,92.361,100.43,110.61,16,3,7840,44.7,51,47.6,1384.5,2140,111.4419,108.3182,10.321,1260.7142,1557.5,485,108.94
103.82,109.29,114.52,73.785,112.89,82.37,20,0,15785,39.2,51.2,41.7,1339.5,1767.25,121.4511,108.0348,10.607,951.4286,1667.5,470,110.28
107.01,105.63,83.25,88.542,117.39,108.89,16,3,19591,42.1,37.6,34.2,1475,2099,106.914,114.9479,10.786,996.4545,1440,390,109.93
113.96,102.83,110.12,79.861,104.06,96.23,15,4,19000,40.1,49,47.6,1406.5,1869.5,125.4787,126.8284,9.804,1134.4445,1307.5,480,108.28
126.59,117.71,151.81,81.424,108.06,101.99,18,1,17380.5,36.6,41.8,34.2,1175,1906.25,119.9015,114.3654,8.536,1524.6364,1805.5,500,145.1
126.52,110.53,118.67,96.354,117.39,109.04,19,0,13750,52,40,49.9,1194.5,2121.25,119.882,123.1362,12.429,774.1667,1200,540,103.8
105.24,102.45,104.06,87.674,100.43,110.7,17,2,16390,50.9,44.5,45,1707.25,2687.75,115.398,107.3443,9.964,1287.9121,2150,505,108.36
142.78,131.49,104.06,88.542,100.43,118.7,19,0,15200,50.1,51.4,41.9,1330,1847.25,124.5077,126.8675,10.339,1120,1930,450,107.06
123.99,109.62,117.98,88.889,104.06,111.35,16,3,8335.5,46,32.9,34.2,1411,2142.25,122.84,111.28,11.589,970.0909,1268,430,101.03
118.71,114.97,142.84,91.146,112.89,99.71,19,0,12500,43.7,51.2,46.1,1648.5,1864.25,112.1411,109.4892,10.119,1346.25,1515,520,103.28
126.71,113.89,129.82,95.139,112.89,135.55,21,0,12338,52,46,42.9,1295.5,1967,115.8581,117.1544,10.196,1111.4286,1530,420,107
132.18,110.46,140.59,94.965,100.43,125.71,20,0,18370,49,53.1,34.2,1217.75,1687.25,112.3109,110.9647,9.339,1652.2858,1437.5,450,134.74
122.33,117.4,144.47,86.285,117.39,116.13,10,9,3735,28.6,32.9,34.2,1265.5,1704,114.167,108.5283,10.833,948.8889,1195,450,101.11
125.88,103.81,138.72,91.319,112.89,116.13,19,0,17138,49.7,51.4,58.8,1263,1743,117.2165,126.7576,9.464,886.5446,1387,460,123.23
115.16,101.93,92.72,69.444,108.06,107.51,10,9,4130,45.1,49,46.1,1582.5,1587.5,114.3264,118.1379,9.321,1526.1364,1517.5,420,100.93
118.76,116.72,121.97,92.361,100.43,112,21,0,15023,56.6,70.6,62.4,1366,2237.5,121.5,128.43,11.643,607.25,1556,490,131.41
125.86,120.36,111.11,88.889,108.06,118.7,15,4,11470,49.8,46,41.8,1396.5,1969.75,133.5008,122.274,11.518,1948.5714,1367.5,515,107.68
124.42,127.29,111.26,87.674,117.39,110.13,14,5,5480,48.4,61.6,51.2,1559,2226.75,123.72,123.78,10.161,1028.2898,1222.5,460,100.82
128.95,112.56,150.84,91.319,117.39,111.46,12,7,3243,41.9,51.2,44.1,1198.5,1723.25,130.9731,129.6218,9.625,963.1307,1249.25,391.5,112.47
106.1,106.59,111.81,72.049,112.89,113.72,15,4,9500,59.9,63.6,60.5,1315.5,1500.25,117.14,111.27,11.214,1256.5714,1766.5,534,103.93
119.81,105.85,129.82,96.354,104.06,135.55,20,0,13955.5,45.6,50.6,46.1,1386,1907.25,116.4992,122.6058,10.75,1152.3125,1242.5,455,114.39
107.79,111.04,111.11,78.646,100.43,118.7,16,3,22765,55.6,63.7,54.3,1480.5,1978.25,115.3796,123.0173,11.286,1145.9166,1517.5,505,122.74
120.64,117.09,124.78,93.576,121.89,135.55,21,0,14609,57.1,42.1,43,1051.5,1669.75,125.42,125.76,11.732,922.2857,1280,450,116.9
108.11,109.72,124.27,70.139,100.43,110.7,11,8,5600,56.8,63.7,51.2,1709.75,2446,108.8521,114.4867,10.321,1295.5,1875,450,109.1
121.3,117.28,138.72,96.354,130.38,121.82,13,6,8650,43.6,44.3,34.2,1050.5,1503,110.9665,112.1068,9.25,1194.2858,1372.5,410,109.43
108.63,106.29,98.16,81.076,93.9,101.64,16,3,8800,38.8,43.3,34.2,1489.5,2064.75,120.3897,118.5012,11.679,1033.7858,1535,620,115.04
101.79,111.1,103.02,83.507,117.39,96.23,24,0,32027,60.1,63.3,62.2,1277.25,1653.25,125.75,124.22,8.911,1300,1665,475,122.15
130.31,104.16,101.6,82.292,121.89,125.71,8,11,4855,50.9,51.2,49.9,1384.5,2231.25,107.0357,119.3614,12.571,901.7094,1375,440,122.67
81.27,100.57,140.59,86.111,117.39,125.71,11,8,4100,40.1,46.2,44.2,1572.5,2440.75,111.8796,113.9523,10.464,877.0714,1524.75,485,110.11
129.46,130.09,140.59,93.75,117.39,114.48,17,2,6070,28.6,46.2,50.8,1516,1894,111.4085,108.1461,10.339,610.3571,1297.5,440,113.29
143.94,130.09,131.64,87.153,112.89,109.4,23,0,25480,44.2,40.9,38.9,1280.5,2347.25,112.432,119.3878,11.857,1174.7778,1617.5,505,120.03
119.05,106.59,124.27,91.146,96.99,94.02,19,0,16109,28.6,49.9,39.4,1264,1522,106.2325,88.30461,11.089,1541.25,1542,430,107.61
115.22,115.16,110.12,85.937,108.06,104.95,21,0,16179,45.8,53.9,42,1531.75,2156.75,137.458,131.344,6.339,1024.3125,1440,400,107.04
110.09,108.94,112.27,72.049,93.9,112.39,13,6,7289,35.2,37.6,38.9,1736.75,2850,120.8237,111.0214,12.083,673.9,1562.5,470,115.45
113.18,106.97,120.63,97.569,130.38,118.8,21,0,16558,50.3,58.3,48.5,1697.75,2256.5,133.16,133.35,11.214,1065.3636,1410,460,101.36
121.88,115.57,117.29,87.326,104.06,110.7,22,0,24119,46.4,51.2,48.2,1729.25,2387,119.41,117.47,10.089,803.9464,1323.5,471,132.78
136.1,120.9,140.59,88.715,130.38,116.13,19,0,11770,52,57.7,48.5,1333,1721.75,118.3448,120.9707,8.679,1048.5714,1190,410,107.38
115.43,106.72,124.27,97.569,117.39,100.97,13,6,5920,28.6,32.9,34.2,1148,1485,115.9536,114.1835,9.054,813.3182,1240,420,119.45
125.25,115.66,108.72,57.986,100.43,135.55,19,0,21761,34.5,36.8,34.2,1235,1228,114.22,110.64,10.679,856,1460,380,120.4
98.58,104.78,107.8,72.222,117.39,98.57,21,0,24570,49.5,54.2,45.6,1397.25,2224.5,130.2894,124.0304,9.911,1732.5,1592.75,500,104.31
121.78,119.02,123.47,97.569,130.38,109.04,20,0,17030.5,46.3,43.6,38.8,1323.5,1728.5,112.38,113.57,9.696,800.3,1607,398,116.28
117.1,109.26,122.43,89.931,100.43,115.73,10,9,3575,47.6,51.9,42.7,1540,2452,114.38,101.47,10.536,840.5,1320,530,96.42
111.96,124.78,129.82,93.75,100.43,104.47,24,0,25333.5,49.8,54,47.9,1422,2013.25,123.1792,127.2061,10.929,1683.625,2112,380,120.08
123.59,107.18,106.69,67.361,117.39,95.03,15,4,12330,40.9,56.5,41.4,1852.25,2923.5,116.03,116.73,9.375,1362.3254,1652.75,470,101.9
129.94,126.74,104.06,92.535,108.06,95.39,18,1,22805,52,49.3,54.1,1183.5,2336.25,124.0227,129.4052,12.071,1215,1920,550,118.06
121.25,120.07,119.9,87.326,80.79,125.71,17,2,10937,45.1,51.2,45.8,1494,2313,149.5326,121.0644,11.929,981.2054,1458.75,453,108.02
108.39,99.55,140.59,89.931,112.89,135.55,21,0,30470,45.6,37.6,42.3,1589.25,2235.75,118.2358,116.6336,11.804,1176.5079,1420,460,119.81
102.83,99.41,112.17,82.118,108.06,120.32,15,4,4519,50.3,60.5,46.1,1659,2359.25,114.92,110.12,8.875,1309.7142,1800.5,541,108.57
116.55,105.51,108.62,49.132,96.99,111.46,11,8,10629,49.8,56,49.9,1557.5,2850.75,123.13,121.82,8.393,1230.3125,2109.5,520,102.35
125.09,122.53,104.06,86.632,112.89,119.72,12,7,7395,53.5,57.7,48.1,1469.5,2012,119.4397,126.5796,12.429,1297,1560,450,120.03
116.47,108.78,125.64,79.34,96.99,90.25,10,9,9245,56.3,56,57.5,1189.5,833.75,114.1966,125.3793,8,1037.7778,1737.5,500,93.2
102.39,99.34,117.2,84.722,112.89,90.25,9,10,8037,44.5,49,34.2,1754.5,2800.75,111.4476,99.953,10.375,1126.25,1779,390,106.3
99.31,93.31,115.83,91.146,108.06,122.66,23,0,22578,52.8,51.2,45.6,1717,2913.5,118.558,125.9491,10.321,1727.9,1555,460,135.69
123.13,113.5,111.97,87.326,117.39,118.7,18,1,15485.5,33.6,32.9,34.2,1150.5,1314.25,124.51,114.62,10.179,1193.8125,1572.5,450,122.43
119.67,107.18,152.77,96.354,117.39,118.7,22,0,15194.5,50.9,46.9,43.8,1437,1971.75,121.2793,118.0655,12.571,995,1287.5,410,115.94
107.29,101.98,96.2,65.972,104.06,97.65,21,0,44809,46.3,54.9,49.4,2188.25,3114,117.47,120.5,7.232,1581.3022,1622.5,540,121.9
122.18,127.73,134.82,96.181,108.06,114.48,15,4,8990,54.5,66.9,59.4,1233.5,1611.25,115.3583,124.8643,11.107,712,1320,450,116.09
116.16,118.51,119.34,91.493,126.18,135.55,18,1,17659,42.4,38.6,34.2,1158.5,1500.75,118.18,119.97,12.143,1111.1154,1552.25,405.5,93.77
123.76,105.72,109.73,67.361,96.99,90.87,20,0,38753,39.7,51.2,34.2,1562.5,2563.5,113.09,135.29,10.179,1106.8071,1440,435,108.09
143.94,119.16,118.38,93.75,117.39,125.71,20,0,12514,52.8,60.5,53.3,1198.5,1451,129.16,128.54,10.893,1378.75,1341,398,114.85
125.34,115.92,128.98,88.542,100.43,108.29,22,0,29796.5,53.8,54,62.2,1323.75,1693,110.39,119.99,11.25,1572.1,1995,440,134.74
111.38,122.08,119.98,93.576,117.39,104.34,19,0,22030,51.6,63.3,60.5,1610,2603.5,127.1319,127.9873,11.036,1174,1332.5,450,122.37
120.61,106,114.52,76.215,93.9,99.01,10,9,3420.5,54.4,49,49.9,1278.5,1841.25,108.95,107.66,10.464,862.9018,1867.75,430,90.77
106.13,94.89,99.14,82.639,112.89,94.1,9,10,3650,54.7,46,49.4,1597.75,2027.75,110.2865,102.2089,10.054,805.8,1365,410,87.83
122.83,132.04,128.25,93.75,117.39,112,22,0,15848,47.5,54.4,48.2,1385,1941,132.9748,132.6527,12.446,1055,1500,540,127.84
116.64,104.08,83.25,93.75,117.39,104.53,21,0,20680,51,46.9,43.6,1727,2066.5,123.1806,127.445,12.571,862,1789.75,450,125.16
115.84,112.56,106.57,91.146,100.43,135.55,20,0,10024,52,54.4,55,1061,1359.25,106.4464,107.7348,11.375,1066.125,1375,420,103.15
109.42,103.6,114.69,79.688,112.89,104.34,22,0,23981.5,54.1,56,53.4,1790.5,2196.5,113.41,111.28,12.571,1229.091,1487.5,485,102.56
133.54,133.58,151.81,94.965,126.18,113.72,21,0,27900,53.4,64.9,69.5,1129.5,1762.5,107.09,109.0726,12.161,1252.0834,1335,450,136.72
129.94,120.49,145.54,83.681,108.06,135.55,15,4,9620,44.7,56,49.9,1172.5,1753,124.7796,119.427,10.75,1057.5,1482.5,470,110.94
115.79,101.35,129.82,75.868,112.89,125.71,20,0,24555,47.2,51,43.8,1489.25,1961.5,102.5349,104.2302,12.571,1091.4286,1360,500,113.29
109.67,118.28,96.06,88.715,117.39,101.78,21,0,25330,35.2,32.9,34.2,1529.5,1769.75,118.7449,121.1285,12.429,935.119,1672.5,500,104.81
111.94,101.99,102.79,95.139,104.06,122.66,20,0,19922.5,44.3,51.2,41,1502,1769.25,124.8,120.5,9.589,1324.238,2621,510,143.8
116.89,112.65,96.35,87.326,100.43,102.77,20,0,27512,53.8,51.2,49.9,1929.25,2905.5,126.12,128,8.464,852.08844,1495,550,103.34
111.14,127.5,84.34,83.681,93.9,97.8,22,0,27705.5,49.3,56.2,49.4,1903.5,1963.5,124.1341,143.8197,11.929,2028.1818,1182.5,530,122.21
114.55,107.48,108.78,83.681,112.89,105.63,20,0,28703,44.1,51.2,48.1,1250.25,1545.75,106.74,112.91,9.446,2074.7144,1575.5,424,94.95
107.15,103.6,93.56,83.507,108.06,88.97,20,0,32914,44.4,53.7,43.9,1687.5,2726.5,118.87,127.27,11.232,995.1061,1302.5,420,129.95
129.6,125.46,133.26,97.569,121.89,94.1,19,0,19310,49.8,53.7,55.4,1374.5,1900.25,105.6911,134.8629,12.571,981.71716,1890,510,114.63
97.26,100.04,91.62,67.361,117.39,120.32,23,0,22711,56.1,59.8,49.9,1728.75,2513.25,129.4895,122.3441,8.679,1035.3792,1627.75,480,119.24
117.31,118.42,105.28,77.604,96.99,108.93,14,5,16204,44.8,61.6,43.3,1840.5,2433,122.5177,111.9075,9.125,1122.4375,1310,435,129.15
118.76,115.12,119.98,88.715,117.39,101.51,11,8,3950,36.8,49,41,1410.75,1609.25,111.3276,100.8923,12.446,877.7778,1837.5,470,107.03
118.74,127.73,124.27,68.056,100.43,110.7,19,0,18200,50,56,62.2,1166.5,2315,114.6213,108.795,10.321,984,1530,460,92.95
117.23,96.75,105.28,79.861,108.06,95.73,20,0,32823.5,49.8,53.5,54.7,1440,1849.25,130.9032,125.763,10.464,1892.7142,1597.25,410,137.87
110.27,102.99,121.22,97.569,112.89,101.57,22,0,14238.5,57.8,50.4,57.5,914.5,1194.25,125.2023,120.5834,11.857,911.9,1442.5,445,113.29
112.89,103.69,113.4,92.535,112.89,94.02,22,0,28933,50.3,51,49.9,1720.5,2247.5,121.6165,113.292,12.304,1067,1382.25,440,110.85
122.94,115.22,119.31,92.535,126.18,135.55,15,4,8486,52,52.9,48.2,1299.5,2169.75,118.64,120.51,10.232,896.2222,1552,430,100.93
138.23,118.42,142.84,96.181,126.18,135.55,20,0,19694,55.4,50.7,44.1,1414.5,2131.5,110.173,110.4088,12.429,1142.7142,1492.5,435,121
103.01,100.64,102.91,95.139,112.89,109.04,11,8,4300,58.8,43.2,50.6,1528,1858.5,119.7413,123.7926,10.482,1001.25,1400,440,100.13
119.5,115.38,112.27,96.181,130.38,118.7,20,0,12570,44.2,45.7,49.9,1276,1895.75,113.5189,114.7428,10.393,1003.8542,1320,450,92.57
120.05,103.54,105.32,93.75,130.38,125.71,15,4,5870,52,52.4,53.5,1766,2219,133.17,115.87,12.286,751.4286,2330,550,113.29
128.41,120.49,134.82,92.535,133.93,116.13,22,0,18980,49.8,50.4,49.9,1362.5,2071.75,112.985,113.5097,12.286,1095.1154,1565,610,107.16
111.55,114.29,100.29,76.563,100.43,104.34,8,11,3725,55.9,62.9,48.5,1589.5,1907,110.1721,104.4426,7.339,784.6688,1242.5,500,112.7
118.23,129.54,119.63,86.111,104.06,109.96,11,8,4069,39,53.5,34.2,1347.5,1920.5,132.41,125.04,10.107,1004.9545,1224.5,410,102.37
133.57,126.74,151.81,88.715,137.98,106.85,16,3,13405,33.6,32.9,34.2,1059,1611.5,123.2734,130.7467,11.179,677.1429,1595,480,114.76
122.46,106.78,94.92,63.194,104.06,125.71,14,5,7585,39.9,46,45.8,1417.5,1610.25,116.8439,107.1665,9.321,930.15875,1547.5,470,122.15
128.03,131.82,123.59,97.569,121.89,108.42,19,0,11620,50.8,56.5,47.9,1450.5,1967.25,116.74,112.07,12.446,1394.2858,1730,440,127.84
122.88,131.94,126.95,96.354,108.06,125.07,24,0,25048.5,40.4,36.5,42.8,1304,1912.25,127.5815,125.999,10.054,1400.8175,1622.25,480,122.75
118.76,105.94,112.27,83.854,144.5,121.82,18,1,22325,52.9,46.7,51.2,1525.5,1982,110.3327,119.9208,10.196,1117.7778,1360,470,119.68
116.98,107.53,118,78.299,108.06,108.89,22,0,15633.5,48.3,54.2,49.9,1416,2388.75,115.47,114.58,9.464,2407,1426.5,490,98.15
124.39,135.02,126.95,96.181,126.18,116.13,23,0,33720,39.8,49.2,51.2,1188.5,1576,125.4024,117.0686,10.089,1108.6714,1310,450,123.13
115.75,99.73,118.87,86.111,96.99,100,16,3,21191,59,40.1,34.2,1656.75,1756.75,105.18,109.5,10.536,1511.125,1565,550,97.51
128.41,121.42,105.69,80.035,93.9,135.55,18,1,30054.5,42.4,43.3,38.9,984.5,1008.5,111.12,105.29,6,2156.884,1287,420,92.82
112.74,109.72,102.91,77.257,117.39,114.48,17,2,16490,44.6,48.5,44.6,1303,1667.25,103.6719,114.8035,9.464,1227.7778,1742.5,450,91.44
130.02,108.46,92.72,91.493,117.39,135.55,20,0,19419,46.8,46.7,51.2,1405.5,2713.25,98.67896,119.5151,9.5,775.5409,1369.5,400,108.5
119.93,142.11,98.16,70.833,96.99,125.71,7,12,4400,43.9,46,53.4,1415.5,1622.25,121.3246,114.165,7.875,625.125,1850,490.5,118.91
109.59,101.93,125.64,84.722,117.39,95.13,22,0,13774,47.5,52,48.1,1669.75,1905,117.5233,126.7377,12.446,920.125,1185,445,129.47
126.42,128.76,124.52,88.542,108.06,135.55,14,5,5281,57.1,46,44.2,1294.5,2040.5,128.39,134.79,11.786,598.8461,1310.25,452,134.74
138.38,116.83,125.22,91.146,108.06,125.71,18,1,15240,37.7,42,39.1,1616.5,2284.5,110.05,123.99,11.732,1475.5555,2112.5,470,118.92
123.4,127.95,104.07,88.715,93.9,97.46,15,4,15650,43,43.8,55,1144.5,1841.75,113.14,123.8,10.464,881.7125,1362.5,420,113.29
121.72,125.78,131.64,81.25,117.39,109.47,22,0,28925,47.5,47.2,49.9,1479.5,2373.75,136.049,119.6239,12.429,1253,1142.5,410,121
118.76,115.73,144.47,85.937,108.06,107.09,23,0,14910,37.9,41.8,41.2,1318.25,1966.5,127.6962,129.4115,11.679,633,1267.5,520,118.5
114.38,115.12,146.95,86.285,108.06,121.82,17,2,31540,54.3,51.4,34.2,1427.5,1236.5,109.1192,112.4368,9.518,924.93054,1422.5,490,110.46
115.85,87.79,96.06,90.278,126.18,135.55,23,0,23668,46.3,49,45,1635.5,2360.75,125.7132,131.344,12.446,1898.7053,1330,470,135.12
100.89,91.72,97.15,96.354,117.39,135.55,20,0,14170.5,53,47.2,51.2,1450.75,2618.5,115.6296,112.3592,10.679,864.6429,1460,450,106.3
114.95,115.5,118.67,84.896,104.06,104.57,12,7,6594.5,44.8,51.2,44.7,1391.25,2222.5,113.6821,119.6187,10.75,984.0179,1690,450,133.05
133.93,119.7,122.44,83.333,121.89,118.7,19,0,13669,58.8,48.8,51.7,1519.5,2347.75,103.07,121.97,12.304,889.1518,1269.75,510,110.37
116.94,114.06,126.95,71.875,126.18,93.23,22,0,25875,38.2,49.3,42.6,1718,2320.75,133.7276,123.217,10.107,1373.75,1475,520,100.5
129.77,106.44,102.71,81.25,96.99,116.13,9,10,4498,39.6,48,39.1,1550.5,1698.25,105.42,115.19,10.357,1168,1435.5,452,89.97
105.43,98.07,102.91,78.646,112.89,121.82,21,0,21490,53.4,46.7,46.1,1465.5,2405,121.7409,120.6847,10.054,1665.7142,1785,470,107.36
118.13,104.54,115.83,87.153,130.38,105.09,19,0,13680,42.7,53.5,44.2,1241.5,1904,117.4663,125.3596,10.25,1110.8036,1312.5,450,107.24
139.01,116.85,137.25,90.104,112.89,118.7,24,0,45932.5,42.9,60.5,56.2,1327.5,1991,137.4778,134.7757,12.571,1345.4375,1357.5,550,122.1
106.54,108.4,100.96,84.896,112.89,125.07,21,0,29903,45.1,37.6,42.3,1566.5,2413.5,119.29,120.31,7.125,1247.3483,1419.5,437,104.74
114.09,106.41,115.83,93.75,126.18,135.55,23,0,19990,49.5,51.4,48.2,1697,2530.75,116.4542,114.4602,11.179,1425.625,1655,540,108.42
112.44,110.3,129.82,88.715,100.43,135.55,20,0,15654.5,52.4,49.9,46.1,1599.75,2219,114.9331,125.3818,11.179,1362.2858,1462.5,510,109.59
108.82,117.28,119.98,93.75,108.06,114.48,12,7,4180,43.7,43,34.2,1051.75,1657.75,135.6389,132.921,12,755.4464,1292.5,450,104.44
121.28,108.14,142.84,86.111,112.89,108.93,20,0,39425,46.8,58.3,44.7,1056,1882.5,111.4654,111.7691,10.821,1462.8572,1167.25,430,106.98
126.04,117.09,110.81,86.111,100.43,125.07,8,11,5452,42.4,46,34.2,1327.5,1585.5,102.32,100.03,9.304,1173.0209,1369,437,105.56
113.15,119.39,98.16,84.722,108.06,98.57,21,0,12940,54.9,46.8,45,1496.5,2614.5,116.7232,118.4551,12,1196.6666,1732.5,380,110.1
108.28,106.78,151.81,91.493,96.99,108.89,22,0,32835,39.4,49,43.6,1599.5,1857.5,124.1021,112.033,9.196,1582.2222,1137.5,470,127.06
126.65,109.62,119.98,96.181,108.06,97.46,22,0,9330,41.9,51.9,46.1,1101,1573.75,116.7398,125.1381,10.607,788.5714,1097.5,400,122.49
120.38,112.7,106.57,62.674,108.06,115.73,13,6,5910,43.8,46.7,34.2,1690.5,2677.25,106.8153,90.02322,8.929,1051.4286,2360,480,108.69
128.85,116.83,128.25,100,126.18,125.71,20,0,15240,41.4,48.5,42.6,1180,1678.25,113.9938,107.0149,10.821,1095.1704,1327.5,460,106.3
119.62,118.28,117.2,86.111,108.06,102.38,7,12,3090,47.5,49,49.9,2085,2551.75,109.9828,126.7189,11.446,728.125,1190,460,114.53
104.88,114.12,122.72,88.715,121.89,135.55,19,0,19490,45.6,49,43.3,1487.75,2375.25,126.2156,126.1058,9.393,1181.1154,1675,445,110.37
129.19,118.15,113.26,72.049,121.89,83.66,20,0,17538,52.8,46,45,1388.5,2000,112.13,109.32,10.893,927.5,1570,408,118.48
105.99,107.82,133.26,83.333,133.93,135.55,23,0,28548,46.2,51.2,45.6,1577.5,2235.75,121.5555,127.4157,11.732,1867.375,1942.5,460,122.02
106.64,105.85,137.25,86.285,133.93,101.64,15,4,11190,52.7,55.7,53.3,1197.5,1682.25,121.217,110.9038,10.321,1160.5358,1115,360,113.29
123.42,99.55,115.83,91.146,112.89,113.72,16,3,10770,60.1,64.9,54.7,1076.5,1734,119.0355,121.4681,11.857,1054,2445,490,98.91
120.05,120.7,137.25,81.944,108.06,125.71,24,0,34726,46.5,46,48,1107,1427.5,122.7243,118.6265,11.357,1584.0286,1382.5,450,125.43
109.7,112.21,125.64,87.5,96.99,113.72,9,10,5750,37.7,46.9,38.5,1632,2547.5,104.1698,106.7394,9.821,905.25977,1840,460,98.06
95.56,103.64,109.05,71.181,108.06,101.57,11,8,10119,47.2,54,43.6,2061.5,2502.25,110.6525,120.0696,9.625,1018.4286,1717.5,465,118.55
127.93,119.25,119.83,77.257,93.9,105.56,13,6,6369,42.8,45.9,34.2,1380,2056.5,121.44,124.43,11.107,855.4545,1618,460,112.75
118.6,104.72,118.67,92.361,126.18,125.71,20,0,14264,54.1,51.9,43.4,1095,1802.75,116.6664,111.8073,11.036,914.0179,1280,521,92.16
133.12,129.71,121.44,85.069,117.39,125.71,23,0,32730,45.6,49,51.2,1599,2224.25,130.78,129.12,10.232,1030.1,1235,550,112.32
109.19,119.16,114.52,87.326,104.06,103.93,10,9,5480,67.2,49.3,50,1598.5,2566.5,108.4124,105.4079,7.554,1119.0834,1095,430,106.89
119.69,103.46,96.06,91.146,117.39,95.13,18,1,19915,49.5,46,48.1,1743,2440,120.3936,127.3352,10.393,926.74603,1615,540,114.27
102.35,96.25,129.82,65.278,108.06,107.69,16,3,14714.5,46.4,58.3,53.4,1717.5,1417,110.9772,118.4842,7.589,726.075,1575,500,109.39
129.89,115.73,138.72,79.688,108.06,110.13,18,1,16665,59,49.3,45,1220.5,1837.25,117.965,104.7909,9.893,960.9286,1825,500,117.53
110.45,111.89,120.97,93.75,108.06,135.55,24,0,24825.5,44.5,49.2,39.6,1213,1839.75,130.62,123.76,11.179,1138.6517,1220,471,143.78
123.13,121.64,140.59,92.535,126.18,135.55,19,0,17260,28.6,32.9,34.2,1529.5,2117.5,119.674,120.8525,10.893,1073,1617.5,450,121
113.06,107.48,126.95,91.146,112.89,135.55,18,1,12294.5,43.9,42.9,43.3,1527,2425,116.5789,127.3842,10.179,1038.1818,1500,480,102.58
110.87,107.18,107.8,88.715,112.89,105.63,22,0,25615,62,67.2,57.5,1039,1118.75,130.8386,122.4627,9.232,1295,1182.5,390,124.42
125.09,122.95,133.26,73.264,121.89,116.13,21,0,11371,60.5,52.9,48.2,1323,1926.5,129.2438,125.4318,8.75,797.3269,1462.5,465,135.65
106.14,124.92,103.4,93.75,121.89,95.13,16,3,13155.5,28.6,32.9,34.2,1499,1687.25,108.15,102.52,8.982,782.3626,1910,510,103.75
125.81,112.21,135.98,94.965,108.06,109.04,10,9,3334.5,56.6,56,49.4,1221.5,1711.25,129.9566,112.7433,11.375,1066.2727,1494.5,475,115.59
111.01,117.09,111.39,85.069,108.06,91.62,12,7,6948.5,50.9,56,48.7,1509,1991,112.81,113.22,8.893,1299.6587,1868,508,86.16
119.45,130.09,118.67,80.903,121.89,125.71,8,11,3055,37.1,46,43,2088.5,2311.75,112.2355,111.7999,11.089,863.0833,1519.75,430,113.29
109.36,101.1,111.74,80.903,121.89,135.55,21,0,23180,41.3,51.2,43.8,1502,2357.25,123.86,123.47,9.607,972.1683,1766.75,438,110.5
133.93,127.53,112.82,80.903,121.89,119.72,9,10,2980,45.8,49,43.3,1231,2469.75,120.49,129.21,12.446,1155.7572,1208.75,426,122.24
107.22,97.65,110.12,74.479,112.89,112.39,18,1,14489,28.6,35.9,34.2,1204.5,2145.25,115.7736,125.9736,8.554,1229.9,1267.5,360,104.56
143.94,119.16,126.95,61.979,112.89,97.46,18,1,17459,42.6,42.7,43.3,2131.5,1985,107.95,110.94,9.411,1327.7233,2386.75,499,101.88
112.52,119.7,134.82,91.146,137.98,122.66,24,0,16364.5,42.4,42.3,42.2,1200.5,1783.5,120.0951,117.5717,10.929,956.25,1382.25,460,101.01
114.13,116.72,107.67,93.924,117.39,102.77,21,0,29031,44.5,46.7,39.6,1611,2316,120.06,135.73,9.929,1314.7142,1497.5,579,107.03
130.44,112.21,113.4,94.965,117.39,125.07,20,0,18608,52.8,56.5,48.1,1464,2632.25,113.7765,126.8726,11.732,980,1259.25,520,116.4
101.25,91.03,113.4,81.25,117.39,122.66,22,0,22214.5,49.8,51.2,49.3,1495,1675,135.8287,122.3495,11.589,1463.4197,1517.5,500,111.42
122.46,110.78,106.64,84.722,126.18,108.89,13,6,3380,46.3,43.9,38.5,1767.5,2188,128.67,124.23,12.161,672.8811,1457.5,490,114.93
116.53,122.84,124.09,84.549,112.89,125.71,21,0,29202,59,56,49.9,1479,2140.5,120.2,128.78,12.571,1403.9231,1209,455.5,113.29
114.04,113.5,106.57,94.965,130.38,125.71,22,0,24535,52,54.4,56.9,1591.25,2328,137.489,130.4456,10.464,893.125,1352.5,505,107.45
111.29,107.04,106.57,83.681,121.89,114.48,23,0,30030,52.3,46.9,47.9,1895.5,2175.25,128.147,140.3496,11.179,1358.2142,1475,540,115.92
111.2,114.7,98.16,93.75,108.06,94.1,16,3,10745,52.8,53.7,44.7,992,1926.75,119.6124,121.7059,11.375,1355.5,1932.5,490,102.24
118.71,123.33,96.06,78.646,108.06,125.07,21,0,21479,41.5,44.3,42.1,1423.5,2401,124.2677,123.9672,11.595,923.26624,1742.5,510,104.81
121.41,114.06,105.63,88.542,104.06,98.06,22,0,17030,44.3,51.2,34.2,1158,1880.75,120.91,107.1,11.571,1107.7,1275.25,453,127.84
128.57,119.58,129.49,96.354,130.38,135.55,22,0,18735,42.4,56,42.6,1156.5,1648.25,130.05,128.17,12.446,1405.5358,1222.5,420,109.15
121.37,106.66,119.98,86.111,108.06,106.6,17,2,20340,49.5,51.9,43.6,1034,1513.5,119.8017,120.3751,10.821,2172.7273,1395,440,117.03
107.93,94.89,131.64,93.924,121.89,135.55,23,0,15460,47.2,40.2,42.3,1327.5,2111.75,118.6114,112.8618,11.643,952,1210,480,130.25
121.94,113.2,129.82,82.465,108.06,119.72,21,0,27478,40.2,41.2,39.4,1571.25,2032,112.1803,107.1213,8.946,897.1429,1692.25,510,109.94
113.81,111.75,135.98,89.931,121.89,135.55,21,0,21950,44.3,52.9,43.3,1752.5,2213,117.2322,123.6347,11.179,1087.5,1605,480,104.62
116.67,107.87,106.99,83.681,93.9,125.71,21,0,26192,51.3,57.7,51.2,1591,2591.5,118.09,112.59,9.839,1111.3636,2052.75,480,116.73
99.44,115.12,138.72,54.167,84.63,109.04,11,8,9729,45.6,60.5,54.1,1630,2153.5,118.503,111.9881,10.321,611.9286,1422.5,450,106.3
128.43,129.71,138.72,89.757,126.18,125.71,20,0,12875,46,41.4,42.4,1243,1425.25,112.1385,116.625,11.804,998,1377.5,520,102.93
116.76,113.2,112.49,86.111,112.89,102.93,16,3,14157.5,44.3,54.2,34.2,1154.5,2306.5,113.53,111.47,10.321,1388.3,2098.25,442,103.16
110.55,114.12,140.59,91.319,108.06,116.13,13,6,11570,57.1,53.9,44.4,1319,1897.75,110.8964,134.8629,11.661,1014.44446,1182.5,460,113.29
120.2,127.66,109.05,96.354,112.89,116.13,9,10,3730,38,38.2,34.2,1412.5,1732.75,123.6488,124.8344,12.571,811.1111,1562.5,380,107.61
110.53,113.25,105.28,64.236,112.89,121.82,11,8,3860,58.6,51.2,44.5,1757,2009.5,94.57166,90.25671,10.679,850,1469.75,500,104.4
100.69,99.86,94.92,77.083,121.89,116.13,18,1,10905,43.3,38.6,34.2,1526,2866,112.885,115.2644,9.536,705.55554,1432.5,480,107.61
122.94,116.57,80.95,94.792,126.18,120.32,23,0,21510,33.3,32.9,42.6,1440,2083.75,124.1231,126.995,11.179,1037,1617.5,420,109.9
103.56,102.48,119.91,83.854,108.06,115.73,21,0,34024,50.3,51.2,45.6,1267.75,2287,115.23,126.42,10.071,1562.2322,1530.5,480,114.29
107.69,101.5,105.28,77.257,108.06,99.41,14,5,10430,52,51.2,48.2,1779.5,2521.5,114.0458,129.1732,11.179,1131.25,2420.25,520,102.59
124.56,108.14,114.52,74.826,117.39,90.52,11,8,5230,36.6,37.9,34.2,987,953.5,110.611,102.532,9.679,907.0455,2085,450,92.88
124.33,100.06,116.41,84.722,108.06,135.55,21,0,29309,43.9,58,51.2,1408,1896.25,126.37,126.73,11.5,1815.3125,1545.75,464,124.16
120.38,116.22,114.52,88.542,117.39,102.89,21,0,22100,43.9,52.9,44.7,1494,1860,137.5248,119.0828,10.679,1218,1657.5,450,118.3
110.66,104.13,121.22,87.326,108.06,135.55,21,0,23798,50.9,49.2,45.6,2029,2598.5,122.3657,124.5469,9.679,1795.4445,1652.5,560,103.94
107,115.57,113.4,86.458,112.89,102.56,20,0,31905.5,45.6,51,41.7,1533.5,2389.5,125.0357,127.9761,9.964,992.1,1790,440,121
114.71,112.38,110.2,59.896,112.89,95.73,16,3,22254,49,49.2,51,1336,1462.75,121.42,117.72,9.411,1162.1538,1680,470,112.32
107.62,104.82,102.91,60.069,96.99,107.51,16,3,17488,58.4,55,57.6,1249,2172.25,109.7278,97.46078,7.339,1518.75,1421.25,410,130.23
115.48,122.95,98.27,61.979,96.99,102.77,12,7,7314.5,54.8,54.4,56.7,1481,1402.5,121.77,111.3,6.714,791.30115,1562.25,500,107.15
109.65,98.37,111.11,82.292,121.89,102.18,21,0,13650,52.9,51.4,48.2,1139,1601.75,113.8779,119.13,11.714,985.4545,1310,480,102.07
102.73,102.37,110.12,87.326,112.89,109.04,21,0,18269,54.3,74.6,58.4,2075,2607.5,128.0781,123.7801,7.054,1251.4286,1292.5,470,121
106.99,100.88,97.15,76.042,100.43,109.96,15,4,7260,50.3,55.1,45.6,1507.75,1704.75,118.0032,106.207,8.25,1294.4445,1697.5,500,109.85
110.59,109.37,100.29,68.403,117.39,112,18,1,11815,52,53.1,43,1425,1909.25,117.3981,112.4593,7.768,991.1875,1317.5,470,107.16
107.45,94.69,100.29,78.646,96.99,102.93,9,10,5540,48,43.6,46.1,1323,2164.5,110.9394,130.739,12.571,1034.9108,1765,440,106.98
100.12,111.15,108.16,83.507,100.43,95.73,23,0,21970,39.6,42.9,49.9,1399,1915,123.85,120.19,10.482,806.7857,1155,500,100.36
125.08,120.9,121.22,91.146,126.18,112.39,19,0,10320,60.1,63.3,71.1,1133.5,1420,121.5183,117.6974,9.143,932.8571,1575,490,113.29
118.72,112.38,113.3,75,108.06,104.57,10,9,3370,38.8,53.7,42,1019,1534.25,99.33,96.26,8.536,1215.2,1431.75,450,101.89
119.16,115.73,140.59,89.931,144.5,125.71,23,0,16520,55.6,51.2,43.8,1272.5,1247,140.6941,134.7799,12.304,953.125,1390,465,108.46
106.99,120.36,112.5,84.896,100.43,107.69,7,12,4167,28.6,37.9,34.2,1692.25,2571.75,113.38,113.48,8.804,1051.5555,1314,508.5,106.8
128.45,117.18,113.13,92.535,108.06,99.24,20,0,13166,36.3,47.2,38.9,1287.5,2417,111,112.59,12.571,1233.8182,1724.5,438,129.91
109.44,109.37,117.2,63.194,108.06,110.13,9,10,4580,56.8,54.4,45.8,1559,1649.25,97.61468,97.31197,8.214,1057.617,1555,510,134.06
118.71,108.4,121.22,83.854,121.89,108.04,12,7,6360,48.7,51.9,46.1,1899,1998.5,121.3197,120.5173,11.804,1553.4127,1575,455,107.88
111.55,104.82,102.91,84.896,130.38,121.82,18,1,14110.5,33.3,39.6,38.5,1260.5,1573.75,124.8534,127.6141,9.589,954.44446,1722.5,480,127.1
119.07,105.15,103.81,87.5,117.39,93.97,23,0,33195,46.8,52.1,51.2,2114.75,2534.25,142.8,150.71,11.048,1697.375,1868,437,132.55
131.62,102.64,94.92,78.472,108.06,97.92,19,0,13220,45.8,51.4,44.8,1262.5,1961.25,123.8497,118.416,9.321,1084,1430,440,122.47
124.56,126.63,111.11,94.792,112.89,118.7,21,0,16250,44.1,51.2,48.1,1190.5,1762.75,135.6653,111.8254,10.75,916.25,1297.5,460,113.29
114.42,105.81,111.91,75.347,93.9,94.31,15,4,29570,49.8,55.5,57.5,1770.75,1964,101.94,103.58,8.411,1398.6923,2122.5,570,94.02
105.83,111.54,118.67,84.722,84.63,95.17,19,0,30091,42.8,42.9,46.4,1313.5,1539.25,132.6469,126.5767,10.607,1084.4642,1540,500,115.23
107.04,119.7,100.29,82.812,121.89,112,7,12,5920,40.8,43.7,45,1005,1779.5,109.4431,114.157,10.5,690,1595,460,98.91
120.88,136.02,94.92,94.965,100.43,115.73,23,0,34739,57.1,52.9,57.4,1448,1787,123.8137,132.6527,12.571,858,1760,460,127.84
128.45,117.28,124.18,83.507,112.89,112.39,15,4,21154,47.5,46,55,1309.5,1236,117.03,129.62,9.75,2132,1833,453,118.63
107.8,94.96,104.06,94.965,96.99,98.57,20,0,33865,38.9,46.3,38.9,935,830,113.7421,109.1613,9.893,1595.4546,1485,420,106.92
118.77,106.37,104.79,81.076,126.18,108.89,18,1,20043,36.9,49.6,39.4,1536.75,2073,109.89,117.75,9.75,867.4545,2024.25,468,104.76
131.62,109.9,145.54,97.569,117.39,102.09,19,0,9590,31.6,32.9,34.2,876.5,931.5,140.8151,135.7891,10.393,829,1040,400,108.69
108.63,111.89,110.33,91.319,126.18,135.55,14,5,9219,44.2,46.7,39.8,1334,1930.25,119.28,113.84,10.786,645.6,1468,447,100.05
122.87,113.5,126.83,78.299,126.18,114.48,18,1,15397.5,42.4,51.4,48.7,1340.5,1814.75,117.01,112.21,9.107,1008.125,1357.5,499,112
108.13,118.42,111.11,86.458,108.06,121.82,18,1,14451,44.2,49,34.2,1481.5,1734.75,123.1737,125.1485,9.482,993.1169,1445,460,104.03
117.96,107.98,114.52,83.854,108.06,125.07,22,0,28635,49.8,48.5,44.1,1509,2074.5,121.7991,123.3236,11.179,1384.2858,2210,550,125.39
111.43,111.24,110.33,41.319,96.99,120.32,13,6,12385,28.6,46,34.2,1550,2238.25,116.3,112.31,11.875,1366.9524,1856.5,428,101.16
114.09,107.48,124.27,85.069,108.06,125.07,21,0,31189,57,46,46.1,1822,2383,116.1135,128.0415,11.393,1583.7357,1650,440,93.07
130.15,114.97,115.83,87.5,117.39,135.55,11,8,4080,49,45.7,48.1,1895,2903,112.2165,111.3878,11.714,807.5,1780,480,93.25
104.63,92.08,103.24,92.361,117.39,102.89,21,0,22149,47.5,51.2,51.7,1595,2226.5,118.14,119.07,12.161,2237.125,1540.25,495,114.63
93.43,116.34,111.11,87.674,112.89,115.73,18,1,27003.5,52.8,57.7,51.7,1102.5,2167,123.6109,121.2175,8.625,2064.1875,1802,480,118.41
112.37,108.25,114.52,69.444,93.9,87.2,12,7,5870,43.3,58.3,54.7,1534.5,2347,112.2666,109.4165,11.5,1030.0892,1762.75,550,125.27
122.35,119.97,115.01,83.681,117.39,104.53,19,0,19360,52,49,48.1,1569,2055,119.67,134.86,12.571,781.4545,1373.25,406,125.07
113.58,97.68,124.27,68.229,126.18,108.04,15,4,14629,46,53.1,42.8,1572.5,2083,114.2385,113.5625,10.964,995.5714,1135,430,101.91
122.83,107.28,126.95,89.931,126.18,118.7,20,0,17143,46.3,43.7,38.9,1411.75,2049.25,110.2059,113.4772,11.179,1234.1428,1497.25,410,122.02
117.82,110.63,117.57,86.111,96.99,103.25,15,4,6960,43.7,48.5,39.8,1581.25,2329,111.21,114.29,8.857,1027,1470,455,106.3
108.73,108.31,110.06,88.542,117.39,116.13,19,0,16240,46,44,46.1,1517.5,1572.5,116,124.69,11.857,1109.7072,1720.25,415.5,121
138.87,120.07,138.72,89.931,121.89,122.66,21,0,15600,38.8,38.6,38.9,1237,2069,121.8092,124.1825,11.179,902.8571,1430,420,107.05
143.94,135.02,140.59,86.285,126.18,113.72,22,0,25045,41,51.9,42.7,865.5,952.25,123.8913,122.0112,11.679,923.3929,1090,390,118.94
123.42,119.39,150.84,88.715,104.06,97.65,13,6,5090,40.2,42,38.9,1308.5,2110.75,120.4706,126.1751,7.446,846.6667,1572.5,470,127.12
119.16,99.32,106.57,86.111,121.89,135.55,19,0,21520,49.6,56.5,48.5,1131.5,1727.5,106.503,119.1184,10.75,1280.1948,1385,470,106.3
124.87,120.07,121.22,97.569,100.43,112.39,8,11,4755,47.2,44.3,46.1,1021.5,994.75,103.231,108.5013,9.714,692.3295,1432.5,440,107.02
124.2,108.14,112.02,96.181,100.43,118.7,16,3,7995,37.9,46,45.7,1557.5,2352.25,116.37,109.54,11.089,1053.75,1475,540,106.3
103.29,107.92,108.47,69.792,108.06,92.5,14,5,25655.5,46.3,54,58.4,1707.25,2282,119.56,114.49,9.339,1238.55,1862.5,495,115.4
104.85,100.12,125.83,95.139,93.9,103.28,16,3,12245,51.1,57.7,49.4,1401.75,2066,126.33,131.34,11.875,1505.4236,1255.25,484,116.29
116.67,116.01,118.67,81.424,96.99,108.93,10,9,5485,47.5,51.2,42.2,1102.5,1108.5,99.82428,104.0624,10.179,1221.5714,2002.5,500,94.77
119.17,97.48,133.26,86.458,100.43,117.32,15,4,11469,47.5,51.2,38.9,1733.5,1862,112.5249,121.1627,9.893,1446.125,1280,470,137.86
113.18,107.12,122.72,93.576,108.06,112.39,14,5,10510,44.1,54.9,42.1,1177,1561,98.60051,97.95284,7.286,978.625,1615,500,123.31
109.27,106.32,131.64,80.035,112.89,122.66,19,0,30669,47.5,51.2,55,1958.25,2734.75,104.2118,105.3674,9.464,1101,1482.25,480,137.86
117.31,119.39,119.98,92.708,117.39,135.55,16,3,11125,37.1,40.2,38.9,1305,1980.5,125.617,136.0055,11.179,1036.591,1807.5,500,105.39
118.71,123.33,122.72,90.104,108.06,125.07,17,2,8820,51.8,62.7,52.7,1321,1793.5,130.8161,127.9889,10.179,747.0833,1255,450,138.71
122.17,125.71,120.44,97.569,93.9,135.55,22,0,17689,38.1,57,34.2,1321,1847.5,123.69,130.74,12.262,802.75,1244,468,120.33
117.45,124.78,140.59,91.146,104.06,135.55,23,0,20000,28.6,32.9,34.2,1845,2594,112.0597,119.3207,10.196,1232.8572,1395,515,105.22
115.28,119.16,107.88,84.896,112.89,105.63,22,0,12140.5,46,45.7,42.8,1269.5,1309.75,120.01,130.75,11.179,1199.4886,1357.5,460,111.18
117.59,114.12,102.91,82.118,117.39,135.55,20,0,17317,36.2,42.6,42,1770.5,2319.25,120.1907,111.4828,9.429,940.5536,1649.75,400,110.49
122.18,112.21,146.95,92.361,104.06,109.96,10,9,7145,46.2,46,48.1,1099.5,906.5,112.9724,94.23567,10.661,1188,1460,495,117.18
94.96,94.87,104.06,83.507,100.43,96.55,21,0,32218,48.4,51.2,41.5,1576.75,2256.25,118.4463,117.9919,8.179,1609.8572,1939.75,540,93.65
120.35,116.43,113.4,92.535,121.89,108.89,21,0,22151,49.8,53.7,50.8,1551.5,2239,135.6653,129.408,11,1697.1428,1760,490,104.7
112.17,123.22,83.25,76.215,108.06,87.1,20,0,33421,50.2,56,43.3,1707,2481.75,122.3772,141.3166,10.821,1192.625,1812.5,480,122.7
117.78,102.43,101.6,92.535,108.06,98.57,20,0,18360,52,51.2,45.6,1100.5,1581.5,135.3116,133.3478,10.179,1257.1428,1767.5,490,111.37
